club,last_name,first_name,position,base_salary,guaranteed_compensation,year
CHI,Armas,Chris,M,225000.0,225000.0,2007
CHI,Banner,Michael,M,12900.0,12900.0,2007
CHI,Barrett,Chad,F,41212.5,48712.5,2007
CHI,Blanco,Cuauhtemoc,F,2492316.0,2666778.0,2007
CHI,Brown,C.J.,D,106391.0,106391.0,2007
CHI,Busch,Jon,GK,58008.0,58008.0,2007
CHI,Carr,Calen,F,38000.0,50500.0,2007
CHI,Conde,Wilman,D,144000.0,151500.0,2007
CHI,Correa,Thiago,M,44100.0,44100.0,2007
CHI,Curtin,Jeff,D,12900.0,12900.0,2007
CHI,Curtin,Jim,D,120750.0,120750.0,2007
CHI,Franks,Floyd,M,17700.0,17700.0,2007
CHI,Guerrero,Ivan,D-M,160000.0,187500.0,2007
CHI,Gutierrez,Diego,M,126500.0,126500.0,2007
CHI,Mapp,Justin,M,130000.0,136000.0,2007
CHI,Marques,Bruno,M,12900.0,12900.0,2007
CHI,Monteiro,Jerson,F,17700.0,17700.0,2007
CHI,Noble,Nick,GK,12900.0,12900.0,2007
CHI,Pause,Logan,M,69300.0,69300.0,2007
CHI,Pickens,Matt,GK,32340.0,32340.0,2007
CHI,Plotkin,Brian,M,30000.0,30000.0,2007
CHI,Robinson,Dasan,D,42500.0,42500.0,2007
CHI,Rolfe,Chris,F,70000.0,74700.0,2007
CHI,Russolillo,Jordan,D,12900.0,12900.0,2007
CHI,Segares,Gonzalo,D,48300.0,50800.0,2007
CHI,Soumare,Bakary,D,45000.0,78000.0,2007
CHI,Telesford,Osei,D,36000.0,36625.0,2007
CHI,Wanchope,Paulo,F,240000.0,267500.0,2007
CHI,Woolard,Daniel,D,12900.0,12900.0,2007
CHV,Arvizu,David,F,33000.0,40500.0,2007
CHV,Bornstein,Jonathan,D,57500.0,57500.0,2007
CHV,Brooks,Desmond,D,12900.0,12900.0,2007
CHV,Burling,Bobby,F-D,12900.0,12900.0,2007
CHV,Burpo,Preston,GK,52491.6,52491.6,2007
CHV,Cunliffe,John,F,30000.0,45000.0,2007
CHV,Flores,Jorge,M,12900.0,13275.0,2007
CHV,Galindo,Maykel,F,72500.0,72500.0,2007
CHV,Guzan,Brad,GK,52237.5,67237.5,2007
CHV,Hamilton,Anthony,F,17700.0,17700.0,2007
CHV,Hernandez,Jason,D,45000.0,45625.0,2007
CHV,Kljestan,Sacha,M,70000.0,103000.0,2007
CHV,Llamosa,Carlos,D,84000.0,84000.0,2007
CHV,Lopez,Rodrigo,M,17700.0,17700.0,2007
CHV,Marsch,Jesse,M,100000.0,109375.0,2007
CHV,Mendoza,Francisco,M,90000.0,93750.0,2007
CHV,Merlin,Laurent,M,60000.0,60000.0,2007
CHV,Myers,Justin,GK,12900.0,12900.0,2007
CHV,Nagamura,Paulo,M,89250.0,89250.0,2007
CHV,Nunez,Ramon,M,100000.0,118000.0,2007
CHV,Perez,Orlando,D,70000.0,70000.0,2007
CHV,Razov,Ante,F,245000.0,248750.0,2007
CHV,Robles,Eder,D,12900.0,12900.0,2007
CHV,Solorzano,Erasmo,M,12900.0,12900.0,2007
CHV,Suarez,Claudio,D,146991.6,146991.6,2007
CHV,Thomas,Shavar,D,70000.0,73750.0,2007
CHV,Vaughn,Lawson,D,30000.0,30000.0,2007
CHV,Zotinca,Alex,D,67500.0,68750.0,2007
CLB,Evans,Brad,F,17700.0,17700.0,2007
CLB,Garey,Jason,F,41250.0,53750.0,2007
CLB,Gaudette,Bill,GK,30000.0,30000.0,2007
CLB,Gaven,Eddie,M,165000.0,188000.0,2007
CLB,Gonzalez,Marcos,D,156000.0,162250.0,2007
CLB,Grabavoy,Ned,M,45050.25,52550.25,2007
CLB,Gruenebaum,Andy,GK,17700.0,17700.0,2007
CLB,Hejduk,Frankie,D,150000.0,175000.0,2007
CLB,Hendrickson,Ezra,D-M,76650.0,77900.0,2007
CLB,Herron,Andy,F,140000.0,148750.0,2007
CLB,Hesmer,William,GK,30870.0,30870.0,2007
CLB,Hunter,Ben,F,12900.0,12900.0,2007
CLB,Junge,Ryan,D,12900.0,12900.0,2007
CLB,Kamara,Kei,F,33000.0,43000.0,2007
CLB,Marshall,Chad,D,100000.0,123000.0,2007
CLB,Miglioranzi,Stefani,M,70008.0,86258.0,2007
CLB,Moreno,Alejandro,F,120000.0,125000.0,2007
CLB,Moss,Brandon,M,17700.0,17700.0,2007
CLB,O'Rourke,Danny,M,46331.25,56331.25,2007
CLB,Oughton,Duncan,D,72000.0,72000.0,2007
CLB,Peterson,Andrew,M,12900.0,12900.0,2007
CLB,Pierce,Rusty,D,63000.0,64300.0,2007
CLB,Rogers,Robbie,F-M,50000.0,50000.0,2007
CLB,Schelotto,Guillermo Barros,F,150000.0,150000.0,2007
CLB,Szetela,Danny,M,43135.31,48760.31,2007
CLB,Thomas,Jacob,M,84000.0,87750.0,2007
CLB,Virtuoso,Ricardo,M,60000.0,102000.0,2007
CLB,Ward,Tim,D,38456.25,48456.25,2007
CLB,Zayner,Jed,D,33000.0,40500.0,2007
COL,Ballouchy,Mehdi,M,70000.0,88000.0,2007
COL,Cancela,Jose,M,156000.0,156000.0,2007
COL,Casey,Conor,F,180000.0,180000.0,2007
COL,Clark,Colin,F,17700.0,17700.0,2007
COL,Colaluca,Nico,M,45000.0,78000.0,2007
COL,Cooke,Terry,M,147500.0,152500.0,2007
COL,Coundoul,Bouna,GK,30000.0,30000.0,2007
COL,Cummings,Omar,F,30000.0,30000.0,2007
COL,DiRaimondo,John,M,12900.0,12900.0,2007
COL,Erpen,Facundo,D,115000.0,115000.0,2007
COL,Gargan,Daniel,M,30000.0,30000.0,2007
COL,Gomez,Hercules,F,49350.0,49350.0,2007
COL,Harvey,Jordan,D,17700.0,17700.0,2007
COL,Hernandez,Nicolas,F,130000.0,132400.0,2007
COL,Hughes,Justin,GK,12900.0,12900.0,2007
COL,Ihemelu,Ugo,D,55000.0,55000.0,2007
COL,Keel,Stephen,D,17700.0,17700.0,2007
COL,Kimura,Kosuke,M,12900.0,12900.0,2007
COL,Kirovski,Jovan,F,200000.0,200000.0,2007
COL,LaBrocca,Nick,M,12900.0,12900.0,2007
COL,Mastroeni,Pablo,M-D,280000.0,298000.0,2007
COL,Osorno,Daniel,F,138000.0,143000.0,2007
COL,Peterson,Jacob,F,70000.0,88750.0,2007
COL,Petke,Mike,D,126000.0,126000.0,2007
COL,Prideaux,Brandon,D,76403.0,76403.0,2007
COL,Sanneh,Tony,D,60000.0,60000.0,2007
COL,Thornton,Zach,GK,57600.0,57600.0,2007
COL,Wasson,Daniel,D,17700.0,17700.0,2007
COL,Wilmes,Clifton,D,12900.0,12900.0,2007
DAL,Alvarez,Arturo,M,32819.0,46019.0,2007
DAL,Botero,Juan Sebastian,M,12900.0,12900.0,2007
DAL,Burse,Ray,GK,17700.0,17700.0,2007
DAL,Cooper,Kenny,F,80000.0,83000.0,2007
DAL,Daniels,Andrew,D,12900.0,12900.0,2007
DAL,De Oliveira,Denilson,M,872736.0,879936.0,2007
DAL,Dello-Russo,Michael,D,12900.0,12900.0,2007
DAL,Gbandi,Chris,D,100000.0,103750.0,2007
DAL,Gbandi,Sandy,M,12900.0,12900.0,2007
DAL,Goodson,Clarence,D,48378.75,53378.75,2007
DAL,Hislop,Shaka,GK,220800.0,220800.0,2007
DAL,Ibrahim,Abdus,F,50000.0,83000.0,2007
DAL,Jones,Scott,M,12900.0,12900.0,2007
DAL,McCarty,Dax,M,33000.0,45500.0,2007
DAL,Mina,Roberto,F,80000.0,80000.0,2007
DAL,Moor,Drew,D,53350.0,65850.0,2007
DAL,Oduro,Dominic,F,30000.0,30000.0,2007
DAL,Pereira,Ricardo,F,30000.0,30000.0,2007
DAL,Pitchkolan,Aaron,M,17700.0,17700.0,2007
DAL,Rhine,Bobby,D,60000.0,62500.0,2007
DAL,Ricchetti,Pablo,M,120000.0,126625.0,2007
DAL,Ruiz,Carlos,F,325000.0,435000.0,2007
DAL,Sala,Dario,GK,110000.0,119875.0,2007
DAL,Saragosa,Marcelo,M,67008.0,71883.0,2007
DAL,Serioux,Adrian,D,108000.0,120500.0,2007
DAL,Thompson,Abe,F,30000.0,30000.0,2007
DAL,Toja,Juan Carlos,M,100008.0,100008.0,2007
DAL,Wagenfuhr,David,D,30870.0,30870.0,2007
DAL,Wagner,Blake,D,33000.0,45500.0,2007
DAL,Wallace,Anthony,M,45000.0,78000.0,2007
DAL,Yi,Alex,D,30870.0,30870.0,2007
DC,Addlery,Nicholas,F,36000.0,36000.0,2007
DC,Arguez,Bryan,M-D,45000.0,76200.0,2007
DC,Boswell,Robert,D,30870.0,30870.0,2007
DC,Burch,Marc,D,30000.0,30000.0,2007
DC,Carreiro da Silva,Fred,M-F,190008.0,222008.0,2007
DC,Carroll,Brian,M,115000.0,118750.0,2007
DC,Carroll,Jeff,M-D,12900.0,12900.0,2007
DC,Crowe,Shawn,GK,12900.0,12900.0,2007
DC,DeRoux,Stephen,M,12900.0,12900.0,2007
DC,Dyachenko,Rod,M,17700.0,17700.0,2007
DC,Emilio,Luciano,F,265000.0,293125.0,2007
DC,Gomez,Cristian,M,216000.0,218500.0,2007
DC,Gros,Joshua,M,72500.0,75000.0,2007
DC,Kpene,Guy,F,30000.0,30000.0,2007
DC,McTavish,Devon,M,30000.0,30000.0,2007
DC,Mediate,Stanton,M-F,30000.0,30000.0,2007
DC,Moose,Justin,M,17700.0,17700.0,2007
DC,Moreno,Jaime,F,250000.0,275000.0,2007
DC,Mupier,Mira,F,12900.0,12900.0,2007
DC,Namoff,Bryan,D,85000.0,88750.0,2007
DC,Nolly,Jay,GK,36000.0,36000.0,2007
DC,North,Brad,F,12900.0,12900.0,2007
DC,Olsen,Ben,M,155000.0,177500.0,2007
DC,Perkins,Troy,GK,85000.0,87500.0,2007
DC,Simms,Clyde,M,52500.0,53750.0,2007
DC,Vanney,Greg,D,216667.0,236667.0,2007
DC,Walker,Jamil,M-F,30870.0,30870.0,2007
HOU,Ashe,Corey,M,30000.0,30000.0,2007
HOU,Barrett,Wade,D,141750.0,141750.0,2007
HOU,Chabala,Mike,M,17700.0,17700.0,2007
HOU,Ching,Brian,F,220000.0,220000.0,2007
HOU,Clark,Ricardo,M,195000.0,195000.0,2007
HOU,Cochrane,Ryan,D,51149.0,66149.0,2007
HOU,Dalglish,Paul,F,96000.0,101000.0,2007
HOU,Davis,Brad,M,120000.0,120000.0,2007
HOU,DeRosario,Dwayne,M,324999.96,324999.96,2007
HOU,Ebert,Eric,M,12900.0,12900.0,2007
HOU,Hatzke,Nick,M,12900.0,12900.0,2007
HOU,Hayden,John-Michael,M,17700.0,17700.0,2007
HOU,Hoerner,Kenneth,M-F,12900.0,12900.0,2007
HOU,Holden,Stuart,M,31500.0,31500.0,2007
HOU,Ianni,Patrick,D,70000.0,103000.0,2007
HOU,James,Jordan,GK,12900.0,12900.0,2007
HOU,Jaqua,Nate,F,112500.0,119525.0,2007
HOU,Moloi,Mpho,M,17700.0,17700.0,2007
HOU,Mullan,Brian,M,125000.0,125000.0,2007
HOU,Mulrooney,Richard,M,220000.0,233200.0,2007
HOU,Ngwenya,Joseph,F,51148.13,62023.13,2007
HOU,Onstad,Pat,GK,168000.0,168000.0,2007
HOU,Robinson,Eddie,D,110000.0,110000.0,2007
HOU,Ustruck,Erik,M,12900.0,12900.0,2007
HOU,Waibel,Craig,D,85000.0,85000.0,2007
HOU,Wells,Zachary,GK,50400.0,50400.0,2007
HOU,Wondolowski,Chris,M,30000.0,30000.0,2007
KC,Arnaud,Davy,M,100000.0,101875.0,2007
KC,Burciaga,Jose,D,100000.0,102500.0,2007
KC,Colombano,Eloy,F-M,42000.0,42000.0,2007
KC,Conrad,Jimmy,D,194750.0,206000.0,2007
KC,Elcock,Edson,M-F,17700.0,17700.0,2007
KC,Garcia,Nick,D,131250.0,136250.0,2007
KC,Godbolt,Aaron John,M,17700.0,17700.0,2007
KC,Guadarrama,Willy,F,12900.0,12900.0,2007
KC,Harrington,Michael,D,36000.0,53500.0,2007
KC,Hartman,Kevin,GK,150000.0,150000.0,2007
KC,Hohlbein,Aaron,M-D,30000.0,30000.0,2007
KC,Jewsbury,Jack,M-F,50000.0,50000.0,2007
KC,John,Will,M-F,33075.0,40575.0,2007
KC,Johnson,Eddie,F,750000.0,875000.0,2007
KC,Konopka,Chris,GK,12900.0,12900.0,2007
KC,Kraus,Michael,M-F,12900.0,12900.0,2007
KC,Kronberg,Eric,GK,30000.0,30000.0,2007
KC,Lowery,Amir,M,12900.0,12900.0,2007
KC,Marinelli,Carlos,M,165000.0,165000.0,2007
KC,McMahen,Ryan,M,30000.0,30000.0,2007
KC,Morsink,Kurt,M,30000.0,30000.0,2007
KC,Movsisyan,Yura,F,35750.0,45750.0,2007
KC,Pore,Ryan,F,44825.0,57325.0,2007
KC,Raybould,Ryan,D-M,30000.0,30000.0,2007
KC,Sealy,Scott,F,33075.0,33075.0,2007
KC,Victorine,Sasha,M,137500.0,140000.0,2007
KC,Wahl,Tyson,D,30000.0,30000.0,2007
KC,Watson,Lance,M,17700.0,17700.0,2007
KC,Zavagnin,Kerry,M,154000.0,154000.0,2007
LA,Albright,Chris,M-D,142500.0,142500.0,2007
LA,Beckham,David,M,5500000.08,6500000.04,2007
LA,Buddle,Edson,F,140000.0,150000.0,2007
LA,Cannon,Joe,GK,192000.0,192000.0,2007
LA,Caso,Mike,M,12900.0,12900.0,2007
LA,Cronin,Steve,GK,34728.75,42228.75,2007
LA,Donovan,Landon,F,900000.0,900000.0,2007
LA,Friesz,Lance,GK,12900.0,12900.0,2007
LA,Glinton,Gavin,F,50000.0,50000.0,2007
LA,Gordon,Alan,F,30870.0,30870.0,2007
LA,Gray,Kelly,M-D,85000.0,85000.0,2007
LA,Harden,Ty,D,30000.0,30000.0,2007
LA,Harmse,Kevin,M,40800.0,40800.0,2007
LA,Jazic,Ante,D-M,108000.0,114250.0,2007
LA,Jones,Cobi,M,95000.0,95000.0,2007
LA,Kirk,Quavas,F,75000.0,111500.0,2007
LA,Klein,Chris,M,180000.0,187250.0,2007
LA,Martino,Kyle,M,52500.0,55297.27,2007
LA,Pavon,Carlos,F,132000.0,141500.0,2007
LA,Randolph,Michael,D,17700.0,17700.0,2007
LA,Roberts,Troy,D,30000.0,30000.0,2007
LA,Sesay,Israel,F,45000.0,57083.33,2007
LA,Tudela,Josh,M,17700.0,17700.0,2007
LA,Vagenas,Peter,M,131250.0,131875.0,2007
LA,Veris,Kyle,D,17700.0,17700.0,2007
LA,Xavier,Abel,D,156000.0,156000.0,2007
NE,Byrne,Bryan,M,30000.0,30000.0,2007
NE,Cristman,Adam,F,17700.0,17700.0,2007
NE,Dorman,Andy,M,30870.0,30870.0,2007
NE,Flood,Gary,D,12900.0,12900.0,2007
NE,Franchino,Joey,D,90000.0,90000.0,2007
NE,Gonzalez,Miguel,M,12900.0,12900.0,2007
NE,Heaps,Jay,D,110000.0,113750.0,2007
NE,Helton,Kyle,D,12900.0,12900.0,2007
NE,Igwe,Amaechi,F,45000.0,78000.0,2007
NE,John,Avery,D,63000.0,63750.0,2007
NE,Joseph,Shalrie,D,170625.0,180625.0,2007
NE,Knighton,Brad,GK,12900.0,12900.0,2007
NE,Larentowicz,Jeff,M,30000.0,30000.0,2007
NE,Leonard,Marshall,M,47500.0,47500.0,2007
NE,Loftus,Chris,F,12900.0,12900.0,2007
NE,Noonan,Pat,F,225000.0,227500.0,2007
NE,Oka,Arsene,M,12900.0,12900.0,2007
NE,Parkhurst,Michael,D,80575.0,93075.0,2007
NE,Ralston,Steve,M,150000.0,150000.0,2007
NE,Reis,Matt,GK,150000.0,150000.0,2007
NE,Riley,James,D-F,30870.0,30870.0,2007
NE,Sims,Willie,F,35500.0,43000.0,2007
NE,Smith,Khano,F,44100.0,44100.0,2007
NE,Solle,Ryan,M,17700.0,17700.0,2007
NE,Thompson,Wells,M,30000.0,30000.0,2007
NE,Twellman,Taylor,F,325008.0,350008.0,2007
NE,Warren,Doug,GK,50000.0,50000.0,2007
NY,Altidore,Josmer,F,85000.0,108333.0,2007
NY,Angel,Juan Pablo,F,1500000.0,1593750.0,2007
NY,Caccavale,Salvatore,M,12900.0,12900.0,2007
NY,Camp,Blake,M,12900.0,12900.0,2007
NY,Cepero,Danny,GK,12900.0,12900.0,2007
NY,Conway,Jon,GK,65000.0,65750.0,2007
NY,Doe,Francis,F,48000.0,48000.0,2007
NY,Freeman,Hunter,D-M,50600.0,60600.0,2007
NY,Goldthwaite,Kevin,D,30870.0,30870.0,2007
NY,Ikangu,Elie,M,17700.0,17700.0,2007
NY,Karcz,Chris,M,12900.0,12900.0,2007
NY,Kovalenko,Dema,M,190000.0,197375.0,2007
NY,Laventure,Jerrod,F,12900.0,12900.0,2007
NY,Leitch,Chris,D,43200.0,43200.0,2007
NY,Magee,Mike,F,56206.25,57206.25,2007
NY,Mathis,Clint,M-F,270000.0,410000.0,2007
NY,Mendes,Carlos,D,62606.25,62606.25,2007
NY,Parke,Jeff,D,47250.0,48500.0,2007
NY,Patterson,Randi,F,12900.0,12900.0,2007
NY,Quaranta,Santino,F,100000.0,105312.5,2007
NY,Reyna,Claudio,M,1000008.0,1250008.0,2007
NY,Richards,Dane,F-M,30000.0,30000.0,2007
NY,Schopp,Markus,M,175000.0,175000.0,2007
NY,Stammler,Seth,D,30870.0,30870.0,2007
NY,Ubiparipovic,Sinisa,F-M,17700.0,17700.0,2007
NY,Van Den Bergh,Dave,M,180000.0,214583.33,2007
NY,Vide,Joe,M,17700.0,17700.0,2007
NY,Waterreus,Ronald,GK,200000.0,200000.0,2007
NY,Wolyniec,John,F,65625.0,65625.0,2007
Pool,Monsalve,David,GK,30000.0,30000.0,2007
Pool,Pardo,Boris,GK,17700.0,17700.0,2007
Pool,Reynolds,Samuel,GK,17700.0,17700.0,2007
Pool,Schoeni,Kenny,GK,17700.0,17700.0,2007
RSL,Beckerman,Kyle,M,120000.0,122500.0,2007
RSL,Besagno,Nikolas,M,75000.0,111500.0,2007
RSL,Brown,Kyle,F,17700.0,17700.0,2007
RSL,Brown,Chris,M-F,70000.0,70000.0,2007
RSL,Curfman,Steven,M,12900.0,12900.0,2007
RSL,Cutler,Kenny,M,30000.0,30000.0,2007
RSL,Eskandarian,Alecko,F,155000.0,175500.0,2007
RSL,Espindola,Edgar,F,72000.0,72000.0,2007
RSL,Findley,Robert,F,36000.0,48500.0,2007
RSL,Forko,Willis,D,30000.0,30000.0,2007
RSL,Harris,Atiba,F,30000.0,30000.0,2007
RSL,Hashimoto,Duke,F,17700.0,17700.0,2007
RSL,Jimenez,Christian,M,33075.0,43075.0,2007
RSL,Kipre,Jean-Martial,D,30000.0,30000.0,2007
RSL,Kirby,Dustin,D,12900.0,12900.0,2007
RSL,Kotschau,Ritchie,D,69300.0,70175.0,2007
RSL,Lancos,Chris,D,17700.0,17700.0,2007
RSL,Mantilla,Matias,D,48000.0,48000.0,2007
RSL,Morales,Javier,M,120000.0,120000.0,2007
RSL,Pope,Eddie,D,265000.0,265000.0,2007
RSL,Reynish,Kyle,GK,17700.0,17700.0,2007
RSL,Rimando,Nick,GK,64125.0,68468.75,2007
RSL,Seitz,Chris,GK,55000.0,90500.0,2007
RSL,Stewart,Jack,D,41081.25,48581.25,2007
RSL,Sturgis,Nathan,M,70000.0,103000.0,2007
RSL,Talley,Carey,D,118248.0,118248.0,2007
RSL,Watson,Jamie,F,45100.0,50100.0,2007
RSL,Williams,Andy,F,70008.0,70008.0,2007
RSL,Wingert,Chris,D,54993.75,62493.75,2007
TFC,Attakora-Gyan,Nana,D,12900.0,12900.0,2007
TFC,Boyens,Andrew,D,30000.0,47500.0,2007
TFC,Braz,Adam,D,67200.0,74950.0,2007
TFC,Brennan,Jim,D,150000.0,158000.0,2007
TFC,Canizalez,Maycoll,M,36000.0,40000.0,2007
TFC,Cunningham,Jeffrey,F,220000.0,232500.0,2007
TFC,Dichio,Daniel,F,150000.0,158125.0,2007
TFC,Djekanovic,Srdjan,GK,17700.0,17700.0,2007
TFC,Dunivant,Todd,D,99750.0,99750.0,2007
TFC,Edu,Maurice,M,50000.0,132500.0,2007
TFC,Gala,Gabriel,M,12900.0,12900.0,2007
TFC,Guzman,David,M,12900.0,12900.0,2007
TFC,Hemming,Tyler,M,17700.0,17700.0,2007
TFC,Lombardo,Andrea,F,30000.0,30000.0,2007
TFC,Lumley,Stephen,D,12900.0,12900.0,2007
TFC,Marshall,Tyrone,D,142000.0,149500.0,2007
TFC,Melo,Joey,M,12900.0,12900.0,2007
TFC,Nunez,Cristian,M,17700.0,17700.0,2007
TFC,O'Brien,Ronnie,M,240000.0,258750.0,2007
TFC,Pozniak,Chris,D,90000.0,95000.0,2007
TFC,Reda,Marco,D,100000.0,105000.0,2007
TFC,Robinson,Carl,M,300000.0,315000.0,2007
TFC,Samuel,Collin,F,90000.0,115000.0,2007
TFC,Stamatopolus,Kenny,GK,30000.0,37500.0,2007
TFC,Sutton,Greg,GK,125000.0,132562.5,2007
TFC,Welsh,Andrew,M,195000.0,204750.0,2007
TFC,Wynne,Marvell,D,47500.0,150000.0,2007
LA,Adzemian,Vardan,D,12900.0,12900.0,2008
LA,Alamo,Charles,GK,12900.0,12900.0,2008
NE,Albright,Chris,D,160000.0,160000.0,2008
HOU,Alcaraz,Johnny,M,12900.0,12900.0,2008
LA,Allen,Ely,F,12900.0,12900.0,2008
SJ,Alvarez,Arturo,M,166250.0,175587.5,2008
NY,Angel,Juan Pablo,F,1500000.0,1593750.0,2008
Pool,Angulo,Jose,F,12900.0,12900.0,2008
SJ,Arce,Miguel,F,12900.0,12900.0,2008
KC,Arnaud,Davy,M,105000.0,106875.0,2008
HOU,Ashe,Corey,M,33000.0,33000.0,2008
TFC,Attakora-Gyan,Nana,D,12900.0,12900.0,2008
DAL,Avila,Eric,M,45000.0,78000.0,2008
SJ,Ayres,Jay,D,17700.0,17700.0,2008
NE,Badilla,Gabriel,D,138000.0,138000.0,2008
COL,Ballouchy,Mehdi,M,75000.0,93000.0,2008
CHI,Banner,Michael,D,12900.0,12900.0,2008
LA,Barlow,Jeremy,D,12900.0,12900.0,2008
TFC,Barrett,Chad,F,53773.13,61273.13,2008
HOU,Barrett,Wade,D,148838.0,148838.0,2008
RSL,Beckerman,Kyle,M,143000.0,145500.0,2008
LA,Beckham,David,M,5500000.08,6500000.04,2008
RSL,Beltran,Anthony,D,55000.0,90500.0,2008
RSL,Besagno,Nikolas,D,100000.0,136500.0,2008
CHI,Blanco,Cuauhtemoc,M,2492316.0,2666778.0,2008
LA,Bolkan,Scott,M,12900.0,12900.0,2008
RSL,Borchers,Nat,D,120000.0,127500.0,2008
NY,Borman,Danleigh,M,17700.0,17700.0,2008
CHV,Bornstein,Jonathan,D,77500.0,77500.0,2008
NY,Boss,Terry,GK,33000.0,35500.0,2008
HOU,Boswell,Robert,D,33000.0,33000.0,2008
LA,Bowen,Tristan,F,45000.0,76363.63,2008
NY,Boyens,Andrew,D,41250.0,43750.0,2008
CHV,Braun,Justin,F,12900.0,12900.0,2008
TFC,Brennan,Jim,D,175000.0,183250.0,2008
NE,Brill,Sam,D,12900.0,12900.0,2008
CHI,Brown,C.J.,D,111711.0,111711.0,2008
HOU,Brown,Kyle,F,33000.0,33000.0,2008
LA,Buddle,Edson,F,147000.0,157000.0,2008
DC,Burch,Marc,D,33000.0,33000.0,2008
COL,Burciaga,Jose,D,80000.0,82500.0,2008
CHV,Burling,Bobby,D,17700.0,17700.0,2008
CLB,Burns,Kevin,M,12900.0,12900.0,2008
COL,Burpo,Preston,GK,55116.18,55116.18,2008
DAL,Burse,Ray,GK,33000.0,33000.0,2008
CHI,Busch,Jon,GK,80000.0,81250.0,2008
HOU,Caig,Tony,GK,52596.0,52596.0,2008
HOU,Cameron,Geoff,M,33000.0,33000.0,2008
SJ,Cannon,Joe,GK,213000.0,213000.0,2008
CHI,Carr,Calen,F,50600.0,63100.0,2008
DC,Carreiro da Silva,Fred,M,210000.0,242000.0,2008
CLB,Carroll,Brian,M,122500.0,126250.0,2008
DC,Carroll,Jeff,D,12900.0,12900.0,2008
DC,Carroll,Pat,D,12900.0,12900.0,2008
COL,Casey,Conor,F,190008.0,190008.0,2008
NE,Castro,Mauricio,M,90000.0,96250.0,2008
NY,Cepero,Daniel,GK,12900.0,12900.0,2008
HOU,Chabala,Michael,M,17700.0,17700.0,2008
CHV,Chiles,Kraig,M,12900.0,12900.0,2008
HOU,Ching,Brian,F,231000.0,231000.0,2008
NY,Cichero,Gabriel,D,156000.0,157500.0,2008
COL,Clark,Colin,M,33000.0,33000.0,2008
HOU,Clark,Ricardo,M,225500.0,225500.0,2008
SJ,Cochrane,Ryan,D,132000.0,133250.0,2008
COL,Colaluca,Nico,M,70000.0,103000.0,2008
CHI,Conde,Wilman,D,156000.0,163500.0,2008
KC,Conrad,Jimmy,D,213750.0,225000.0,2008
NY,Conway,Jon,GK,115000.0,115000.0,2008
COL,Cooke,Terry,M,167500.0,172500.0,2008
DAL,Cooper,Kenny,F,80000.0,83000.0,2008
DC,Cordeiro,Ryan,M,17700.0,17700.0,2008
SJ,Corrales,Ramiro,M,190000.0,202500.0,2008
COL,Coundoul,Bouna,GK,33000.0,33000.0,2008
DC,Crayton,Louis,GK,168000.0,175857.14,2008
NE,Cristman,Adam,F,33000.0,33000.0,2008
LA,Cronin,Steve,GK,75000.0,75000.0,2008
COL,Cummings,Omar,F,33000.0,33000.0,2008
SJ,Cunliffe,John,F,35500.0,50500.0,2008
DAL,Cunningham,Jeffrey,F,245000.0,257500.0,2008
CHV,Curtin,Jim,D,104004.0,104004.0,2008
RSL,Cutler,Kenny,M,36000.0,36000.0,2008
COL,Dalby,Greg,M,33000.0,33000.0,2008
DAL,Daniels,Andrew,D,33000.0,33000.0,2008
DAL,Davino,Dulio,D,400000.0,400000.0,2008
HOU,Davis,Brad,M,126000.0,126000.0,2008
DAL,Dello-Russo,Michael,D,33000.0,33000.0,2008
SJ,Denton,Eric,D,55200.0,55200.0,2008
HOU,DeRosario,Dwayne,M,324999.96,324999.96,2008
RSL,Deuchar,Kenny,F,135000.0,145000.0,2008
TFC,Dichio,Daniel,F,157500.0,165625.0,2008
COL,DiRaimondo,John,M,17700.0,17700.0,2008
DC,Doe,Francis,F,33000.0,40500.0,2008
LA,Dominguez,Eduardo,D,192000.0,192000.0,2008
LA,Donovan,Landon,F,900000.0,900000.0,2008
NE,Dube,Mkhokheli,F,17700.0,17700.0,2008
TFC,Dunivant,Todd,D,104737.5,104737.5,2008
DC,Dyachenko,Rod,M,33000.0,33000.0,2008
CHV,Ebert,Eric,D,12900.0,12900.0,2008
NY,Echeverry,Oscar,F,80000.0,80000.0,2008
TFC,Edwards,Brian,GK,36000.0,44750.0,2008
CLB,Ekpo,Emmanuel,M,101500.0,123750.0,2008
CLB,Elenio,Cory,M,12900.0,12900.0,2008
TFC,Elkinson,Kilian,M,12900.0,12900.0,2008
DC,Emilio,Luciano,F,720000.0,758857.14,2008
COL,Erpen,Facundo,D,125000.0,125000.0,2008
CHV,Eskandarian,Alecko,F,123500.0,131041.25,2008
RSL,Espindola,Fabian,F,75000.0,75000.0,2008
KC,Espinoza,Roger,M,45000.0,78750.0,2008
CLB,Evans,Brad,M,33000.0,33000.0,2008
CHV,Ferreira,Dejair,M,96000.0,185230.77,2008
RSL,Findley,Robert,F,47100.0,59600.0,2008
NE,Flood,Gary,M,17700.0,17700.0,2008
CHV,Flores,Jorge,F,17700.0,17700.0,2008
LA,Franchino,Joey,M,50000.0,50000.0,2008
LA,Franklin,Sean,D,36000.0,48500.0,2008
CHI,Frankowski,Tomasz,F,198000.0,214250.0,2008
TFC,Freeman,Hunter,D,61160.0,71160.0,2008
TFC,Gala,Gabe,D,12900.0,12900.0,2008
CHV,Galindo,Maykel,F,79750.0,79750.0,2008
DC,Gallardo,Marcelo,M,1500000.0,1874006.0,2008
SJ,Garcia,Nick,D,137812.0,142812.0,2008
CLB,Garey,Jason,F,48125.0,60625.0,2008
TFC,Gaudet,Derek,F,12900.0,12900.0,2008
CLB,Gaven,Eddie,M,165000.0,165000.0,2008
LA,Gavin,Michael,D,17700.0,17700.0,2008
NE,Germanese,Joe,M,12900.0,12900.0,2008
SJ,Ghebru,Michael,F,12900.0,12900.0,2008
COL,Gibbs,Cory,D,96000.0,103142.86,2008
NY,Gilkerson,John,D,12900.0,12900.0,2008
SJ,Glinton,Gavin,F,60000.0,60000.0,2008
NY,Goldthwaite,Kevin,D,68750.0,77750.0,2008
COL,Gomez,Christian,M,385000.0,430000.0,2008
KC,Gomez,Hercules,F,51817.5,51817.5,2008
LA,Gordon,Alan,F,72504.0,72504.0,2008
SJ,Grabavoy,Ned,M,90000.0,90000.0,2008
Pool,Graczyk,Mike,GK,17700.0,17700.0,2008
SJ,Gray,Kelly,M,38247.0,40579.13,2008
COL,Grazier,Brian,M,12900.0,12900.0,2008
CLB,Gruenebaum,Andy,GK,33000.0,33000.0,2008
DAL,Guarda,Bruno,M,45000.0,65500.0,2008
DC,Guerrero,Ivan,M,140000.0,147000.0,2008
TFC,Guevara,Amado,M,162000.0,185750.0,2008
SJ,Gustavson,Michael,GK,12900.0,12900.0,2008
CHI,Gutierrez,Diego,D,105000.0,107500.0,2008
CHV,Guzan,Brad,GK,88974.38,103974.38,2008
CHV,Hamilton,Anthony,F,17700.0,17700.0,2008
TFC,Harmse,Kevin,M,72000.0,72000.0,2008
KC,Harrington,Michael,D,49600.0,67100.0,2008
CHV,Harris,Atiba,F,57000.0,60000.0,2008
KC,Hartman,Kevin,GK,150000.0,150000.0,2008
COL,Harvey,Jordan,D,33000.0,33000.0,2008
SJ,Hatzke,Matt,M,12900.0,12900.0,2008
HOU,Hatzke,Nick,M,12900.0,12900.0,2008
HOU,Hayden,John-Michael,M,17700.0,17700.0,2008
NE,Heaps,Jay,D,110000.0,116000.0,2008
CLB,Hejduk,Frankie,D,150000.0,175000.0,2008
CLB,Hendrickson,Ezra,D,72000.0,72000.0,2008
SJ,Hernandez,Jason,D,47250.0,47875.0,2008
CHI,Herron,Andy,F,90000.0,102500.0,2008
CLB,Hesmer,William,GK,70000.0,70000.0,2008
KC,Hohlbein,Aaron,D,33000.0,33000.0,2008
HOU,Holden,Stuart,M,33075.0,33075.0,2008
RSL,Horst,David,D,33000.0,33000.0,2008
SJ,Huckerby,Darren,F,330000.0,355000.0,2008
COL,Hughes,Justin,GK,12900.0,12900.0,2008
HOU,Ianni,Patrick,D,75000.0,108000.0,2008
TFC,Ibrahim,Abdus,F,70000.0,103000.0,2008
NE,Igwe,Amaechi,D,70000.0,103000.0,2008
COL,Ihemelu,Ugo,D,60500.0,60500.0,2008
CLB,Iro,Andy,D,36000.0,53500.0,2008
TFC,James,Julius,D,36000.0,44750.0,2008
DC,Janicki,Greg,D,12900.0,12900.0,2008
HOU,Jaqua,Nate,F,156000.0,174125.0,2008
LA,Jazic,Ante,D,120000.0,125625.0,2008
KC,Jewsbury,Jack,D,55000.0,55000.0,2008
NY,Jimenez,Diego,D,12900.0,12900.0,2008
SJ,Johnson,Ryan,M,33000.0,33000.0,2008
RSL,Johnson,Will,F,39000.0,52571.43,2008
LA,Jordan,Bryan,F,12900.0,12900.0,2008
NE,Joseph,Shalrie,M,300000.0,325000.0,2008
CLB,Josten,George,F,12900.0,12900.0,2008
RSL,Joy,Ian,D,120000.0,120000.0,2008
CLB,Junge,Ryan,D,12900.0,12900.0,2008
HOU,Kamara,Kei,F,47850.0,57850.0,2008
NY,Kandji,Macoumba,F,36000.0,56988.37,2008
Pool,Kartunen,Andrew,GK,12900.0,12900.0,2008
CHI,Kasiguran,Kai,F,12900.0,12900.0,2008
COL,Keel,Stephen,D,17700.0,17700.0,2008
SEA,Keller,Kasey,GK,,,2008
CHV,Kennedy,Dan,GK,33000.0,33000.0,2008
CHI,Kettering,Tyler,GK,12900.0,12900.0,2008
DC,Khumalo,Thabiso,F,33000.0,33000.0,2008
COL,Kimura,Kosuke,D,17700.0,17700.0,2008
CHI,King,Stephen,M,17700.0,17700.0,2008
RSL,Kirby,Dustin,D,17700.0,17700.0,2008
DC,Kirk,Quavas,M,100000.0,136500.0,2008
SJ,Kirovski,Jovan,F,220000.0,220000.0,2008
LA,Klein,Chris,D,150000.0,150000.0,2008
NY,Kljestan,Gordon,M,12900.0,12900.0,2008
CHV,Kljestan,Sacha,M,95000.0,128000.0,2008
NE,Knighton,Brad,GK,17700.0,17700.0,2008
DC,Koroma,Ibrahim,D,17700.0,17700.0,2008
RSL,Kovalenko,Dema,M,200000.0,207618.75,2008
HOU,Kpene,Guy,F,12900.0,12900.0,2008
KC,Kraus,Michael,M,12900.0,12900.0,2008
KC,Kronberg,Eric,GK,33000.0,33000.0,2008
COL,LaBrocca,Nick,M,12900.0,12900.0,2008
DAL,Lambo,Josh,GK,45000.0,78000.0,2008
NE,Larentowicz,Jeff,M,33000.0,33000.0,2008
SEA,Le Toux,Sebastian,M,84000.0,96000.0,2008
KC,Leathers,Jonathan,D,17700.0,17700.0,2008
NY,Leitch,Chris,D,60000.0,60000.0,2008
CLB,Lenhart,Steven,F,12900.0,12900.0,2008
LA,Lewis,Eddie,M,108000.0,113714.29,2008
SJ,Lima,Francisco,M,195000.0,207000.0,2008
KC,Lopez,Claudio,F,720000.0,820000.0,2008
CHI,Lowry,Peter,M,12900.0,12900.0,2008
NY,Magee,Mike,F,64637.19,65637.19,2008
NE,Mansally,Abdoulie,F,33000.0,33000.0,2008
NE,Manzonelli,Brandon,M,12900.0,12900.0,2008
CHI,Mapp,Justin,M,165000.0,200000.0,2008
KC,Marinelli,Carlos,M,115000.0,115000.0,2008
CHI,Marmol,Lidor,M,96000.0,109750.0,2008
KC,Marquess,Matt,D,12900.0,12900.0,2008
CHV,Marsch,Jesse,M,150000.0,159375.0,2008
CLB,Marshall,Chad,D,125000.0,148000.0,2008
TFC,Marshall,Tyrone,D,150000.0,153750.0,2008
DC,Martinez,Gonzalo,D,228000.0,244750.0,2008
COL,Mastroeni,Pablo,M,300000.0,318000.0,2008
RSL,Mathis,Clint,M,99999.96,99999.96,2008
CHV,Mayen,Gerson,M,12900.0,12900.0,2008
NY,M'Buta,Andongcho,M,12900.0,12900.0,2008
CHI,McBride,Brian,F,163999.92,189333.25,2008
DAL,McCarty,Dax,M,45500.0,58000.0,2008
LA,McDonald,Brandon,M,17700.0,17700.0,2008
KC,McKenzie,Rauwshan,D,12900.0,12900.0,2008
COL,McManus,Tom,F,134400.0,140462.5,2008
DC,McTavish,Devon,D,33000.0,33000.0,2008
DC,Mediate,Domenic,M,33000.0,33000.0,2008
TFC,Melo,Joey,M,12900.0,12900.0,2008
NY,Mendes,Carlos,D,70986.56,70986.56,2008
CHV,Mendoza,Francisco,M,105000.0,105000.0,2008
CLB,Miglioranzi,Stefani,M,76200.0,84200.0,2008
DC,Miller,Ryan,D,12900.0,12900.0,2008
CLB,Moffat,Adam,M,17700.0,17700.0,2008
Pool,Monsalve,David,GK,33000.0,33000.0,2008
DAL,Moor,Drew,D,132000.0,149188.89,2008
RSL,Morales,Javier,M,240000.0,240000.0,2008
CLB,Moreno,Alejandro,F,126000.0,131000.0,2008
DC,Moreno,Jaime,F,275000.0,275000.0,2008
KC,Morsink,Kurt,M,33000.0,33000.0,2008
RSL,Movsisyan,Yura,F,47575.0,57575.0,2008
HOU,Mullan,Brian,M,156240.0,165552.5,2008
HOU,Mulrooney,Richard,M,157500.0,157500.0,2008
LA,Munoz,Mike,M,12900.0,12900.0,2008
KC,Myers,Chance,D,70000.0,130000.0,2008
CHV,Nagamura,Paulo,M,93712.5,93712.5,2008
DC,Namoff,Bryan,D,95000.0,98750.0,2008
RSL,Nimo,Alex,M,45000.0,78000.0,2008
CHI,Noble,Nick,GK,17700.0,17700.0,2008
CLB,Noonan,Pat,F,175008.0,175008.0,2008
RSL,Nunez,Tino,F,17700.0,17700.0,2008
CHV,Nurse,Roberto,F,12900.0,12900.0,2008
CHI,Nyarko,Patrick,F,55000.0,135000.0,2008
NE,Nyassi,Sainey,M,33000.0,33000.0,2008
SEA,Nyassi,Sanna,M,33000.0,33000.0,2008
CLB,Nyazamba,Stanley,F,12900.0,12900.0,2008
COL,O'Brien,Ciaran,M,45000.0,78750.0,2008
SJ,O'Brien,Ronnie,M,240000.0,258750.0,2008
DAL,Oduro,Dominic,F,33000.0,33000.0,2008
RSL,Olave,Jamison,D,80000.0,80000.0,2008
DC,Olsen,Ben,M,215000.0,215000.0,2008
HOU,Onstad,Pat,GK,173000.0,173000.0,2008
CLB,O'Rourke,Danny,D,59147.81,69147.81,2008
CLB,Oughton,Duncan,D,75600.0,75600.0,2008
CLB,Padula,Gino,D,120000.0,145000.0,2008
NY,Palacio,Mike,M,12900.0,12900.0,2008
CHV,Paladini,Daniel,M,12900.0,12900.0,2008
CHI,Pappa,Marco,M,33000.0,33000.0,2008
KC,Pardo,Boris,GK,12900.0,12900.0,2008
NY,Parke,Jeff,D,57487.5,58737.5,2008
CHV,Parker,Lance,GK,12900.0,12900.0,2008
NE,Parkhurst,Michael,D,135382.5,147882.5,2008
NY,Patterson,Caleb,GK,12900.0,12900.0,2008
CHI,Pause,Logan,M,81730.0,84230.0,2008
DC,Peralta,Gonzalo,D,180000.0,199000.0,2008
CLB,Peterson,Andrew,D,12900.0,12900.0,2008
COL,Peterson,Jacob,F,75000.0,93750.0,2008
COL,Petke,Mike,D,133000.0,133000.0,2008
NE,Phelan,Pat,M,33000.0,33000.0,2008
CLB,Pierre-Louis,Ricardo,F,17700.0,17700.0,2008
NY,Pietravallo,Juan,M,192000.0,192000.0,2008
LA,Pires,Alvaro,M,100000.0,110775.31,2008
DAL,Pitchkolan,Aaron,D,33000.0,33000.0,2008
KC,Pizarro,Nelson,M,12900.0,12900.0,2008
CLB,Plotkin,Brian,M,12900.0,12900.0,2008
KC,Pore,Ryan,F,54807.5,67307.5,2008
CHI,Prideaux,Brandon,D,72000.0,72000.0,2008
DC,Quaranta,Santino,M,35000.0,35000.0,2008
NE,Ralston,Steve,M,150000.0,150000.0,2008
LA,Randolph,Michael,D,33000.0,33000.0,2008
CHV,Razov,Ante,F,255000.0,258750.0,2008
RSL,Reiman,Kevin,M,12900.0,12900.0,2008
NE,Reis,Matt,GK,161250.0,161250.0,2008
RSL,Reynish,Kyle,GK,17700.0,17700.0,2008
DAL,Rhine,Bobby,D,65000.0,67500.0,2008
DAL,Ricchetti,Pablo,M,132000.0,138625.0,2008
NY,Richards,Dane,M,33000.0,33000.0,2008
TFC,Ricketts,Rohan,M,200004.0,212504.0,2008
SJ,Riley,James,D,33000.0,33000.0,2008
RSL,Rimando,Nick,GK,91500.0,95843.75,2008
SJ,Roberts,Jamil,D,17700.0,17700.0,2008
LA,Roberts,Troy,D,33000.0,33000.0,2008
TFC,Robinson,Carl,M,315000.0,330000.0,2008
CHI,Robinson,Dasan,D,44625.0,44625.0,2008
HOU,Robinson,Eddie,D,131250.0,131250.0,2008
DAL,Rocha,Andre,M,135000.0,135000.0,2008
CLB,Rogers,Robbie,M,57500.0,57500.0,2008
NY,Rojas,Jorge,M,84000.0,94000.0,2008
CHI,Rolfe,Chris,F,81375.0,86075.0,2008
TFC,Rosenlund,Tyler,M,17700.0,17700.0,2008
NY,Roth,David,M,12900.0,12900.0,2008
DAL,Rowland,Jeff,M,17700.0,17700.0,2008
Pool,Rueckner,Bryant,GK,17700.0,17700.0,2008
TFC,Ruiz,Carlos,F,350000.0,460000.0,2008
RSL,Russell,Robbie,M,95016.0,100767.43,2008
DAL,Sala,Dario,GK,130000.0,139875.0,2008
SJ,Salinas,Shea,M,33000.0,33000.0,2008
DAL,Saragosa,Marcelo,M,70350.0,74635.71,2008
COL,Sarkodie,Kwame,D,12900.0,12900.0,2008
NY,Sassano,Luke,M,17700.0,17700.0,2008
LA,Saunders,Josh,GK,33000.0,33000.0,2008
CHV,Savage,Keith,F,12900.0,12900.0,2008
CLB,Schelotto,Guillermo Barros,F,250000.0,375000.0,2008
CLB,Schoeni,Kenny,GK,17700.0,17700.0,2008
SJ,Sealy,Scott,F,34728.75,34728.75,2008
CHI,Segares,Gonzalo,D,58590.0,61090.0,2008
RSL,Seitz,Chris,GK,70000.0,105500.0,2008
DAL,Serioux,Adrian,D,113400.0,125900.0,2008
LA,Sesay,Israel,F,45000.0,77083.33,2008
Pool,Sharpe,Christopher,GK,33000.0,33000.0,2008
DAL,Shea,Brek,M,45000.0,78000.0,2008
DAL,Sikora,Victor,M,144000.0,163285.71,2008
DC,Simms,Clyde,M,57750.0,59000.0,2008
SJ,Smarte,Adam,F,17700.0,17700.0,2008
TFC,Smith,Jarrod,F,36000.0,36000.0,2008
TFC,Smith,Johann,F,36000.0,47666.67,2008
NE,Smith,Khano,M,46305.0,46305.0,2008
SJ,Somma,Davide,M,12900.0,12900.0,2008
CHI,Soumare,Bakary,D,70000.0,103000.0,2008
KC,Souter,Kevin,M,12900.0,12900.0,2008
NY,Stammler,Seth,M,105000.0,105000.0,2008
DC,Stratford,Dan,M,17700.0,17700.0,2008
RSL,Sturgis,Nathan,M,75000.0,108000.0,2008
CHV,Suarez,Claudio,D,125000.0,137500.0,2008
TFC,Sutton,Greg,GK,150000.0,157562.5,2008
CHV,Talley,Carey,D,105000.0,105000.0,2008
RSL,Tennelle,Brennan,M,12900.0,12900.0,2008
CHV,Thomas,Shavar,D,95000.0,98750.0,2008
DAL,Thompson,Abe,F,33000.0,33000.0,2008
DC,Thompson,Craig,M,12900.0,12900.0,2008
NE,Thompson,Wells,M,33000.0,33000.0,2008
CHV,Thornton,Zach,GK,50000.0,52500.0,2008
DC,Thorpe,James,GK,12900.0,12900.0,2008
CHI,Thorrington,John,M,60000.0,61875.0,2008
NE,Tierney,Chris,D,12900.0,12900.0,2008
NY,Touray,Sainey,F,12900.0,12900.0,2008
KC,Trujillo,Ivan,F,70000.0,70000.0,2008
LA,Tudela,Josh,M,17700.0,17700.0,2008
NE,Twellman,Taylor,F,325008.0,350008.0,2008
NE,Tyler,Brandon,D,12900.0,12900.0,2008
NY,Ubiparipovic,Sinisa,M,33000.0,33000.0,2008
HOU,Ustruck,Erik,M,12900.0,12900.0,2008
LA,Vagenas,Peter,M,144000.0,144000.0,2008
LA,Valentin,Julian,D,12900.0,12900.0,2008
NE,Valentino,Rob,D,36000.0,53500.0,2008
NY,Van Den Bergh,Dave,M,240000.0,274583.33,2008
LA,Vanney,Greg,D,91800.0,91800.0,2008
CHV,Vaughn,Lawson,D,33000.0,33000.0,2008
TFC,Velez,Marco,D,60000.0,60500.0,2008
CHV,Victorine,Sasha,M,151250.0,153750.0,2008
DC,Vide,Joe,M,17700.0,19128.57,2008
DAL,Wadsworth,Spencer,M,12900.0,12900.0,2008
DAL,Wagenfuhr,David,D,44500.0,45250.0,2008
DAL,Wagner,Blake,D,36300.0,48800.0,2008
KC,Wahl,Tyson,D,33000.0,33000.0,2008
HOU,Waibel,Craig,D,70008.0,70008.0,2008
DAL,Wallace,Anthony,M,70000.0,103000.0,2008
HOU,Waller,Corbin,GK,12900.0,12900.0,2008
COL,Ward,Tim,D,44620.0,54620.0,2008
NE,Warren,Doug,GK,52500.0,52500.0,2008
CHI,Washington,Austin,D,12900.0,12900.0,2008
DAL,Watson,Jaime,F,17700.0,17700.0,2008
KC,Watson,Lance,M,17700.0,17700.0,2008
DC,Wells,Zachary,GK,52920.0,52920.0,2008
LA,Wicks,Josh,GK,38000.0,38000.0,2008
CHV,Wicky,Raphael,M,149583.29,159583.29,2008
DAL,Wileman,Chase,M,17700.0,17700.0,2008
RSL,Williams,Andy,M,80000.0,80000.0,2008
RSL,Wingert,Chris,D,65000.0,65000.0,2008
KC,Wolff,Josh,F,200004.0,200004.0,2008
NY,Wolyniec,John,F,68906.25,68906.25,2008
HOU,Wondolowski,Chris,M,33000.0,33000.0,2008
HOU,Wondolowski,Stephen,D,12900.0,12900.0,2008
CHI,Woolard,Daniel,D,17700.0,17700.0,2008
TFC,Wynne,Marvell,D,47500.0,150000.0,2008
DC,Zaher,Mike,D,12900.0,12900.0,2008
COL,Zambrano,Cesar,M,12900.0,12900.0,2008
KC,Zavagnin,Kerry,M,169400.0,169400.0,2008
CLB,Zayner,Jed,D,36300.0,43800.0,2008
CHV,Zotinca,Alex,D,70875.0,72125.0,2008
NE,Albright,Chris,D,176000.0,176000.0,2009
RSL,Alexandre,Jean,M,34000.0,34000.0,2009
DC,Allen,Ely,F-M,15300.0,15300.0,2009
SEA,Alonso,Osvaldo,M,65000.0,65000.0,2009
NE,Alston,Kevin,D,55000.0,104000.0,2009
SJ,Alvarez,Arturo,M-F,174750.0,184087.5,2009
SJ,Amarikwa,Quincy,F,34000.0,34000.0,2009
NY,Angel,Juan Pablo,F,1500000.0,1798000.0,2009
KC,Arnaud,Davy,M,220000.0,228750.0,2009
HOU,Ashe,Corey,M,34650.0,34650.0,2009
TFC,Attakora-Gyan,Nana,D,34000.0,34000.0,2009
DAL,Avila,Eric,M,70000.0,103000.0,2009
NE,Badilla,Gabriel,D,138000.0,138000.0,2009
COL,Ballouchy,Mehdi,M,100000.0,118000.0,2009
CHI,Banner,Michael,D,34000.0,34000.0,2009
DC,Barklage,Brandon,M-F,20100.0,20100.0,2009
NE,Barnes,Darrius,D,34008.0,34008.0,2009
HOU,Barrett,Wade,D,154000.0,156500.0,2009
TFC,Barrett,Chad,F,195000.0,202500.0,2009
COL,Baudet,Julien,D,156000.0,169750.0,2009
RSL,Beckerman,Kyle,M,160650.0,163150.0,2009
LA,Beckham,David,M,5500000.08,6500000.04,2009
RSL,Beltran,Anthony,D,70000.0,105500.0,2009
Pool,Benitez,Miguel,GK,34000.0,34000.0,2009
DAL,Benitez,Jair,D,36000.0,36000.0,2009
LA,Berhalter,Gregg,D,144000.0,162750.0,2009
KC,Besler,Matt,D,36000.0,47250.0,2009
LA,Birchall,Chris,M,84000.0,97125.0,2009
CHI,Blanco,Cuauhtemoc,M,2769240.0,2943702.0,2009
RSL,Borchers,Nat,D,130000.0,137500.0,2009
NY,Borman,Danleigh,D-M,20100.0,20100.0,2009
CHV,Bornstein,Jonathan,D,90000.0,90000.0,2009
SEA,Boss,Terry,GK,36000.0,38500.0,2009
HOU,Boswell,Robert,D,150000.0,150000.0,2009
LA,Bowen,Tristan,F,65000.0,96363.63,2009
NY,Boyens,Andrew,D,49550.0,52050.0,2009
CHV,Braun,Justin,F,20100.0,20100.0,2009
TFC,Brennan,Jim,D,185000.0,193250.0,2009
SEA,Brown,Evan,D,20100.0,20100.0,2009
CHI,Brown,C.J.,D,91200.0,96000.0,2009
CLB,Brunner,Eric,D,34008.0,34008.0,2009
LA,Buddle,Edson,F,169950.0,179950.0,2009
DC,Burch,Marc,D,60000.0,62500.0,2009
SJ,Burling,Bobby,D,34000.0,34000.0,2009
CLB,Burns,Kevin,M,20100.0,20100.0,2009
COL,Burpo,Preston,GK,57871.99,57871.99,2009
DAL,Burse,Ray,GK,34650.0,34650.0,2009
CHI,Busch,Jon,GK,135000.0,136350.0,2009
HOU,Cameron,Geoff,M,34650.0,34650.0,2009
RSL,Campos,Pablo,F,65000.0,69846.72,2009
SJ,Cannon,Joe,GK,180500.0,190756.25,2009
CHI,Carr,Calen,F,58410.0,70910.0,2009
DC,Carreiro,Fred,M-F,225000.0,257000.0,2009
CLB,Carroll,Brian,M,133875.0,137625.0,2009
COL,Casey,Conor,F,200000.0,200000.0,2009
NE,Castro,Mauricio,M,120000.0,126250.0,2009
NY,Celades,Albert,M,100000.0,125625.0,2009
NY,Cepero,Daniel,GK,34000.0,34000.0,2009
COL,Ceus,Steward,GK,20100.0,20100.0,2009
HOU,Chabala,Michael,M,34000.0,34000.0,2009
DAL,Chavez,Marvin,M,60000.0,70000.0,2009
CHV,Chijindu,Chukwudi,M,20100.0,20100.0,2009
HOU,Ching,Brian,F,242550.0,242550.0,2009
NY,Chirgadze,Giorgi,F,20100.0,20100.0,2009
COL,Clark,Colin,M,85000.0,90000.0,2009
HOU,Clark,Ricardo,M,248050.0,248050.0,2009
HOU,Cochrane,Ryan,D,145000.0,146250.0,2009
NE,Colaluca,Nico,M,75000.0,108000.0,2009
CHI,Conde,Wilman,D,168000.0,188000.0,2009
KC,Conrad,Jimmy,D,213750.0,225000.0,2009
SJ,Convey,Bobby,M,222000.0,244500.0,2009
CHV,Conway,Jon,GK,36000.0,42125.0,2009
SJ,Corrales,Ramiro,M,190000.0,202500.0,2009
NY,Coundoul,Bouna,GK,123999.96,125249.96,2009
RSL,Cox,Raphael,D,20100.0,20100.0,2009
KC,Cristman,Adam,F,34650.0,34650.0,2009
TFC,Cronin,Sam,M,36000.0,84000.0,2009
HOU,Cruz,Danny,M,55000.0,98000.0,2009
CHV,Cuesta,Yamith,D,36000.0,36000.0,2009
COL,Cummings,Omar,F,65000.0,73750.0,2009
DAL,Cunningham,Jeffrey,F,209170.0,219295.0,2009
CHV,Curtin,Jim,D,109204.2,109204.2,2009
COL,Dalby,Greg,M,34650.0,34650.0,2009
DAL,Davies,Kyle,D,50004.0,50004.0,2009
HOU,Davis,Brad,M,132300.0,132300.0,2009
TFC,de Guzman,Julian,M,909600.0,956350.0,2009
LA,DeLaGarza,AJ,D,36000.0,36000.0,2009
HOU,Deric,Tyler,GK,20100.0,20100.0,2009
TFC,DeRosario,Dwayne,M,357000.0,425750.0,2009
TFC,Dichio,Daniel,F,120000.0,120000.0,2009
CHI,Dimitrov,Stefan,F,34008.0,34008.0,2009
DC,DiRaimondo,John,M,20100.0,20100.0,2009
COL,Diz,Facundo,F,42000.0,42000.0,2009
LA,Donovan,Landon,F,900000.0,900000.0,2009
Pool,Dragavon,Ben,GK,34000.0,34000.0,2009
NE,Dube,Mkhokheli,F,34650.0,34650.0,2009
LA,Dunivant,Todd,D,109974.38,109974.38,2009
CHI,Dykstra,Andrew,GK,34000.0,34000.0,2009
TFC,Edwards,Brian,GK,39600.0,48350.0,2009
CLB,Ekpo,Emmanuel,M,125000.0,147250.0,2009
RSL,El Khalifi,Rachid,M-F,84996.0,102996.0,2009
CLB,Elenio,Cory,M,20100.0,20100.0,2009
SJ,Elliot,Simon,M,80640.0,87315.0,2009
DC,Emilio,Luciano,F,720000.0,758857.14,2009
LA,Eskandarian,Alecko,F,135850.0,143391.25,2009
RSL,Espindola,Fabian,F,42000.0,42000.0,2009
KC,Espinoza,Roger,M,70000.0,103750.0,2009
SEA,Evans,Brad,M,44550.0,44550.0,2009
SEA,Eylander,Chris,GK,45500.0,45500.0,2009
TFC,Fellinga,Lesly,D,36000.0,36000.0,2009
DAL,Ferreira,David,M-F,300000.0,300000.0,2009
RSL,Findley,Robert,F,60060.0,72560.0,2009
CHV,Flores,Jorge,F,34000.0,34000.0,2009
LA,Franklin,Sean,D,64350.0,76850.0,2009
TFC,Frei,Stefan,GK,65000.0,120000.0,2009
SEA,Fucito,Michael,M,20100.0,20100.0,2009
TFC,Gala,Gabe,D-M,20100.0,20100.0,2009
CHV,Galindo,Maykel,F,87725.0,87725.0,2009
NY,Garcia,Walter Ariel,D,36000.0,36000.0,2009
HOU,Garcia,Felix,F,65000.0,99000.0,2009
TFC,Garcia,Nick,D,190000.0,198750.0,2009
CLB,Garey,Jason,F,52937.5,65437.5,2009
CLB,Gaven,Eddie,M-F,173250.0,173250.0,2009
TFC,Gerba,Ali,F,144996.0,177433.5,2009
COL,Gibbs,Cory,D,110000.0,117142.86,2009
SJ,Glen,Cornell,F,73020.0,87895.0,2009
NY,Goldthwaite,Kevin,D,102000.0,111000.0,2009
TFC,Gomez,Emmanuel,D,35700.0,41300.0,2009
KC,Gomez,Herculez,M-F,54408.38,54408.38,2009
DC,Gomez,Christian,M,255000.0,321250.0,2009
RSL,Gonzalez,Nelson,M-F,36000.0,36000.0,2009
SEA,Gonzalez,Leonardo,D,48000.0,48000.0,2009
LA,Gonzalez,Omar,D,65000.0,142000.0,2009
LA,Gordon,Alan,F,79754.4,79754.4,2009
RSL,Grabavoy,Ned,M,83600.0,83600.0,2009
SJ,Graczyk,Mike,GK,20100.0,20100.0,2009
SEA,Graham,Taylor,D,55000.0,55000.0,2009
CLB,Grendi,Alex,M,20100.0,20100.0,2009
LA,Griffin,Leonard,D,37000.0,39500.0,2009
CLB,Gruenebaum,Andy,GK,34650.0,34650.0,2009
DAL,Guarda,Bruno,M,70000.0,90500.0,2009
TFC,Guevara,Amado,M,300000.0,323750.0,2009
Pool,Guppy,Kevin,GK,20100.0,20100.0,2009
DC,Habarugira,David,D,48000.0,55500.0,2009
HOU,Hainault,Andre,D,42000.0,55125.0,2009
HOU,Hall,Tally,GK,45000.0,54375.0,2009
NY,Hall,Jeremy,M,55000.0,104000.0,2009
DC,Hamid,Bill,GK,20100.0,26766.66,2009
COL,Harden,Ty,D,34008.0,34008.0,2009
CHV,Harmse,Kevin,D-M,79200.0,79200.0,2009
KC,Harrington,Michael,M-D,64560.0,82060.0,2009
DAL,Harris,Atiba,M-F,62700.0,65700.0,2009
KC,Hartman,Kevin,GK,165000.0,165000.0,2009
COL,Harvey,Jordan,D,50000.0,51250.0,2009
HOU,Hayden,John-Michael,M,20100.0,20100.0,2009
NE,Heaps,Jay,D,120000.0,126000.0,2009
CLB,Hejduk,Frankie,D,150000.0,175000.0,2009
KC,Hercegfalvi,Zoltan,F,168000.0,168000.0,2009
DAL,Hernandez,Daniel,M-D,35352.0,42852.0,2009
SJ,Hernandez,Jason,D,100000.0,100000.0,2009
CLB,Hesmer,William,GK,77000.0,77000.0,2009
KC,Hirsig,Santiago,M,75000.0,75000.0,2009
KC,Hohlbein,Aaron,D,34650.0,34650.0,2009
HOU,Holden,Stuart,M,34728.75,34728.75,2009
COL,Holody,Michael,D,20100.0,20100.0,2009
RSL,Horst,David,D,34000.0,34000.0,2009
SJ,Huckerby,Darren,F,360000.0,385000.0,2009
SEA,Hurtado,John Kennedy,D,36000.0,37000.0,2009
CHI,Husidic,Baggio,M,55000.0,97000.0,2009
SEA,Ianni,Patrick,D,72000.0,72000.0,2009
TFC,Ibrahim,Fuad,F,75000.0,108000.0,2009
NE,Igwe,Amaechi,D,75000.0,108000.0,2009
DAL,Ihemelu,Ugo,D,140000.0,140000.0,2009
CLB,Iro,Andy,D,45100.0,62600.0,2009
DC,Jacobson,Andrew,M,34000.0,34000.0,2009
DC,Jakovic,Dejan,D,90000.0,108812.5,2009
DC,James,Julius,D,42350.0,51100.0,2009
DC,Janicki,Greg,D,34000.0,34000.0,2009
NE,Jankauskas,Edgaras,F,240000.0,240000.0,2009
SEA,Jaqua,Nate,F,189996.0,208121.0,2009
CHV,Jazic,Ante,D,90000.0,98500.0,2009
KC,Jewsbury,Jack,D,130000.0,139125.0,2009
DC,John,Avery,D,60000.0,63625.0,2009
DAL,John,George,D,34008.0,34008.0,2009
RSL,Johnson,Will,F,51200.0,64771.43,2009
SJ,Johnson,Ryan,M,70000.0,70000.0,2009
NY,Johnson,Carlos,D,90000.0,110750.0,2009
LA,Jordan,Bryan,F,34000.0,34000.0,2009
NE,Joseph,Shalrie,M,425000.0,450000.0,2009
KC,Kamara,Kei,F,55385.0,65385.0,2009
NY,Kandji,Macoumba,F,70000.0,90988.37,2009
SEA,Keller,Kasey,GK,300000.0,300000.0,2009
CHV,Kennedy,Dan,GK,50000.0,50000.0,2009
DC,Khumalo,Thabiso,M-F,34650.0,34650.0,2009
COL,Kimura,Kosuke,D,52500.0,52500.0,2009
SEA,King,Stephen,M,34000.0,34000.0,2009
LA,Kirovski,Jovan,F,80000.0,80000.0,2009
LA,Klein,Chris,D,175000.0,175000.0,2009
CHV,Kljestan,Sacha,M,170000.0,203000.0,2009
NE,Knighton,Brad,GK,34000.0,34000.0,2009
DC,Kocic,Milos,GK,20100.0,20100.0,2009
LA,Kovalenko,Dema,M,130000.0,137618.75,2009
KC,Kraus,Michael,M-F,34000.0,34000.0,2009
KC,Kronberg,Eric,GK,34650.0,34650.0,2009
NY,Krupnik,Leonid,D,144000.0,144000.0,2009
COL,LaBrocca,Nick,M,70000.0,72500.0,2009
CHV,Lahoud,Michael,M,36000.0,45375.0,2009
DAL,Lambo,Josh,GK,70000.0,103000.0,2009
HOU,Landin,Luis Angel,F,120000.0,120000.0,2009
NE,Larentowicz,Jeff,M,34650.0,34650.0,2009
SEA,Le Toux,Sebastian,M,100000.0,112000.0,2009
KC,Leathers,Jonathan,D,34000.0,34000.0,2009
SJ,Leitch,Chris,D,87000.0,87000.0,2009
CLB,Lenhart,Steven,F,34000.0,36333.34,2009
SEA,Levesque,Roger,F,40008.0,40008.0,2009
LA,Lewis,Eddie,M,160008.0,165722.29,2009
DAL,Leyva,Bryan,M,45000.0,75833.32,2009
CHV,Lillingston,Eduardo,F,96000.0,96000.0,2009
SEA,Ljungberg,Fredrik,M,1300000.0,1314000.0,2009
KC,Lopez,Claudio,F,180000.0,180000.0,2009
CHI,Lowry,Peter,F-M,20100.0,20100.0,2009
SJ,Luiz Moreira,Andre,M,36000.0,36000.0,2009
LA,Magee,Mike,F,70000.0,72500.0,2009
NE,Mansally,Abdoulie,F-M,34650.0,34650.0,2009
CHI,Mapp,Justin,M,220000.0,255000.0,2009
DAL,Marosevic,Peri,F,55000.0,104000.0,2009
KC,Marquess,Matt,D,20100.0,20100.0,2009
CHV,Marsch,Jesse,M,165000.0,174375.0,2009
LA,Marshall,Yohance,D,20100.0,20100.0,2009
SEA,Marshall,Tyrone,D,157500.0,161250.0,2009
CLB,Marshall,Chad,D,250000.0,320000.0,2009
COL,Mastroeni,Pablo,M-D,255000.0,300500.0,2009
RSL,Mathis,Clint,M,115000.0,115000.0,2009
CHV,Mayen,Gerson,M,20100.0,20100.0,2009
NY,M'Buta,Matthew,M,20100.0,20100.0,2009
CHI,McBride,Brian,F,360000.0,385333.33,2009
DAL,McCarty,Dax,M,55605.0,68105.0,2009
SJ,McDonald,Brandon,M,20100.0,20100.0,2009
KC,McKenzie,Rauwshan,D,34008.0,34008.0,2009
DC,McTavish,Devon,D-M,50000.0,52500.0,2009
NY,Mendes,Carlos,D,85000.0,88125.0,2009
LA,Miglioranzi,Stefani,M,69999.96,79499.96,2009
CLB,Moffat,Adam,M,48000.0,48000.0,2009
SEA,Montero,Fredy,F,155000.0,155000.0,2009
COL,Moor,Drew,D,132000.0,149188.89,2009
RSL,Morales,Javier,M,150000.0,200000.0,2009
CLB,Moreno,Alejandro,F,132300.0,137300.0,2009
DC,Moreno,Jaime,F,350000.0,355000.0,2009
KC,Morsink,Kurt,M,34650.0,34650.0,2009
RSL,Movsisyan,Yura,F,60582.5,70582.5,2009
HOU,Mullan,Brian,M,171000.0,180312.5,2009
HOU,Mulrooney,Richard,M,165375.0,165375.0,2009
KC,Myers,Chance,D-M,70000.0,130000.0,2009
CHI,Myrie,Dave,D,34000.0,34000.0,2009
CHV,Nagamura,Paulo,M,98398.13,98398.13,2009
DC,Namoff,Bryan,D,100000.0,105000.0,2009
SEA,Neagle,Lamar,M,15300.0,15300.0,2009
RSL,Nimo,Alex,F-M,70000.0,103000.0,2009
COL,Noonan,Pat,F,175008.0,175008.0,2009
DC,N'Silu,Ange,F,65004.0,76254.0,2009
RSL,Nunez,Tino,M,20100.0,20100.0,2009
CHI,Nyarko,Patrick,F,80000.0,160000.0,2009
SEA,Nyassi,Sanna,M,20100.0,20100.0,2009
NE,Nyassi,Sainey,M,34650.0,34650.0,2009
CLB,Nyazamba,Stanley,F,34000.0,34000.0,2009
COL,O'Brien,Ciaran,M,70000.0,103750.0,2009
HOU,Oduro,Dominic,F,34650.0,34650.0,2009
NY,Oebster,Ernst,M,36000.0,36000.0,2009
RSL,Olave,Jamison,D,157500.0,172500.0,2009
DC,Olsen,Ben,M,225000.0,225000.0,2009
NE,Ombiogno,Stephane,F,35652.0,43777.0,2009
HOU,Onstad,Pat,GK,181650.0,181650.0,2009
CLB,O'Rourke,Danny,D,90000.0,102500.0,2009
NE,Osei,Emmanuel,D,45000.0,50625.0,2009
CLB,Oughton,Duncan,D,42492.0,42492.0,2009
CHV,Padilla,Jesus Andres,F,36000.0,36000.0,2009
CLB,Padula,Gino,D,150000.0,175000.0,2009
COL,Palguta,Scott,D,54999.96,54999.96,2009
CHI,Pappa,Marco,M,42000.0,42000.0,2009
KC,Pardo,Boris,GK,20100.0,20100.0,2009
CHV,Parker,Lance,GK,20100.0,20100.0,2009
LA,Patterson,Kyle,M,20100.0,20100.0,2009
CHI,Pause,Logan,M,145000.0,153125.0,2009
DAL,Pearce,Heath,D,48000.0,57500.0,2009
COL,Peterson,Jacob,F,100000.0,118750.0,2009
NY,Petke,Mike,D,80000.04,80000.04,2009
NE,Phelan,Pat,M,34650.0,34650.0,2009
COL,Pickens,Matt,GK,125000.0,127500.0,2009
SJ,Pitchkolan,Aaron,D,50000.0,51250.0,2009
DC,Pontius,Chris,M-F,36000.0,66000.0,2009
CHI,Prideaux,Brandon,D,75600.0,75600.0,2009
DAL,Purdy,Steven,D,40000.0,40000.0,2009
DC,Quaranta,Santino,M-F,70000.0,72500.0,2009
NE,Ralston,Steve,F-M,150000.0,150000.0,2009
CHV,Razov,Ante,F,140000.0,147750.0,2009
NE,Reis,Matt,GK,173343.75,173343.75,2009
CLB,Renteria,Emilio,F,90000.0,91875.0,2009
RSL,Reynish,Kyle,GK,34000.0,34000.0,2009
SJ,Ribeiro,Antonio,M,51000.0,51000.0,2009
DAL,Ricchetti,Pablo,M,145200.0,151825.0,2009
NY,Richards,Dane,M-F,125000.0,136500.0,2009
LA,Ricketts,Donovan,GK,150000.0,150000.0,2009
SEA,Riley,James,D,69000.0,72625.0,2009
RSL,Rimando,Nick,GK,105000.0,116000.0,2009
SJ,Roberts,Jamil,D,20100.0,20100.0,2009
CHI,Robinson,Dasan,D,46856.25,46856.25,2009
HOU,Robinson,Eddie,D,137812.5,137812.5,2009
TFC,Robinson,Carl,M,300000.0,315000.0,2009
DAL,Rocha,Andre,M,140000.0,140000.0,2009
CLB,Rogers,Robbie,M-F,92500.0,92500.0,2009
NY,Rojas,Jorge,M,120000.0,130000.0,2009
CHI,Rolfe,Chris,F,95550.0,100250.0,2009
Pool,Rueckner,Bryant,GK,34000.0,34000.0,2009
RSL,Russell,Robbie,D-M,97583.5,103334.93,2009
DAL,Sala,Dario,GK,140000.0,158125.0,2009
SJ,Salinas,Shea,M,36300.0,36300.0,2009
SJ,Sanchez,Ramon,M,72000.0,82050.0,2009
LA,Sanneh,Tony,D,84000.0,85250.0,2009
CHV,Santos,Maicon,F,84000.0,84000.0,2009
CHV,Saragosa,Marcelo,D-M,120000.0,124285.71,2009
NY,Sassano,Luke,M-D,34000.0,34000.0,2009
LA,Saunders,Josh,GK,41340.0,44473.75,2009
TFC,Sayang,Amadou,D,34008.0,40563.55,2009
CLB,Schelotto,Guillermo Barros,F-M,650000.0,775000.0,2009
CLB,Schoeni,Kenny,GK,34000.0,34000.0,2009
COL,Schunk,Ross,F,20100.0,20100.0,2009
SEA,Scott,Zach,D,40008.0,40008.0,2009
CHI,Segares,Gonzalo,D,61519.5,64019.5,2009
RSL,Seitz,Chris,GK,75000.0,110500.0,2009
TFC,Serioux,Adrian,D,119070.0,131570.0,2009
LA,Sesay,Israel,F,70000.0,102083.33,2009
Pool,Sharpe,Christopher,GK,34000.0,34000.0,2009
DAL,Shea,Brek,M-D,70000.0,103000.0,2009
DC,Shipalane,Tiyiselani,M,15300.0,16300.0,2009
NE,Shuttleworth,Robert,GK,20100.0,20100.0,2009
DC,Simms,Clyde,M,150000.0,156000.0,2009
COL,Smith,Jamie,M,159600.0,169600.0,2009
KC,Souter,Kevin,M,34000.0,34000.0,2009
NY,Stammler,Seth,M,118000.0,118000.0,2009
CHV,Stepanovic,Bojan,M,120000.0,121750.0,2009
SEA,Sturgis,Nathan,M,100000.0,133000.0,2009
CHV,Suarez,Claudio,D,75000.0,75000.0,2009
DC,Szetela,Danny,M,90000.0,90000.0,2009
CHV,Talley,Carey,D,128256.0,128256.0,2009
CHV,Thomas,Shavar,D,104500.0,108250.0,2009
NE,Thompson,Wells,M,34650.0,34650.0,2009
HOU,Thompson,Abe,F,60000.0,63625.0,2009
CHV,Thornton,Zach,GK,52500.0,55000.0,2009
CHI,Thorrington,John,M,63000.0,64875.0,2009
NE,Tierney,Chris,D-M,34000.0,34000.0,2009
DAL,Torres,Daniel,D,100000.0,110000.0,2009
CHV,Trujillo,Mariano,M,90000.0,90000.0,2009
NE,Twellman,Taylor,F,395000.0,420000.0,2009
NY,Ubiparipovic,Sinisa,M,34650.0,34650.0,2009
HOU,Ustruck,Erik,F,20100.0,20100.0,2009
SEA,Vagenas,Peter,M,158400.0,158400.0,2009
LA,Valentin,Julian,D,36000.0,36000.0,2009
COL,Valentino,Rob,D,39600.0,57100.0,2009
DAL,Van Den Bergh,Dave,M,210000.0,227000.0,2009
DC,Vaughn,Lawson,D,34650.0,34650.0,2009
CHV,Victorine,Sasha,M,125000.0,135000.0,2009
NE,Videira,Michael,M,34000.0,34000.0,2009
TFC,Vitti,Pablo,M-F,288000.0,303000.0,2009
DAL,Wagner,Blake,D,50930.0,63430.0,2009
SEA,Wahl,Tyson,D,34650.0,34650.0,2009
HOU,Waibel,Craig,D,77008.8,77008.8,2009
DC,Wallace,Rodney,M-D,55000.0,104000.0,2009
DAL,Wallace,Anthony,D-M,75000.0,108000.0,2009
CHI,Ward,Tim,D,45000.0,45000.0,2009
CHI,Washington,Austin,D,20100.0,20100.0,2009
KC,Watson,Lance,M,34000.0,34000.0,2009
HOU,Weaver,Cam,F,64980.0,73230.0,2009
SJ,Weber,Andrew,GK,37500.0,37500.0,2009
TFC,White,O'Brian,F,36000.0,113000.0,2009
DC,Wicks,Josh,GK,42000.0,42000.0,2009
RSL,Williams,Andy,M,84000.0,84000.0,2009
RSL,Wingert,Chris,D,105000.0,105000.0,2009
KC,Wolff,Josh,F,200004.0,200004.0,2009
NY,Wolyniec,John,F,80000.0,80000.0,2009
SJ,Wondolowski,Chris,M,34650.0,34650.0,2009
CHI,Woolard,Daniel,D,34000.0,34000.0,2009
TFC,Wynne,Marvell,D,57000.0,159500.0,2009
SJ,Zaher,Michael,D,20100.0,20100.0,2009
SEA,Zakuani,Steve,F,65000.0,163000.0,2009
CHV,Zamora,Cesar,M,20100.0,20100.0,2009
CLB,Zayner,Jed,D,39930.0,47430.0,2009
NY,Zimmerman,Nick,D,20100.0,20100.0,2009
KC,Zusi,Graham,F-M,34008.0,34008.0,2009
NY,Agudelo,Juan,F,40000.0,70000.0,2010
KC,Aiyegbusi,Olukorede,D,40000.0,40000.0,2010
COL,Akpan,Andre,F,40000.0,65000.0,2010
NY,Albright,Chris,D,84000.0,84000.0,2010
DAL,Alexander,Eric,M,40000.0,40000.0,2010
RSL,Alexandre,Jean,M,40000.0,40000.0,2010
DC,Allsopp,Danny,F,180000.0,217500.0,2010
SEA,Alonso,Osvaldo,M,67925.0,68737.5,2010
NE,Alston,Kevin,D,75000.0,124000.0,2010
SJ,Alvarez,Arturo,M-F,183338.0,192675.5,2010
COL,Amarikwa,Quincy,F,40000.0,40000.0,2010
NY,Angel,Juan Pablo,F,1620000.0,1918000.0,2010
HOU,Appiah,Samuel,M,40000.0,40000.0,2010
KC,Arnaud,Davy,M,220000.0,228750.0,2010
PHI,Arrieta,Christian,D,60000.0,64500.0,2010
HOU,Ashe,Corey,M,40000.0,40000.0,2010
TFC,Attakora-Gyan,Nana,D,40000.0,40000.0,2010
KC,Auvray,Stephane,M,140000.0,148125.0,2010
DAL,Avila,Eric,M,75000.0,108000.0,2010
COL,Ballouchy,Mehdi,M,88800.0,88800.0,2010
CHI,Banner,Michael,D,40000.0,40000.0,2010
DC,Barklage,Brandon,M-F,40000.0,40000.0,2010
NE,Barnes,Darrius,D,55000.0,56250.0,2010
TFC,Barrett,Chad,F,205000.0,212500.0,2010
CLB,Barros Schelotto,Guillermo,M-F,140000.0,241250.0,2010
COL,Baudet,Julien,D,168000.0,181750.0,2010
KC,Beasley,Jamar,M,40000.0,40000.0,2010
RSL,Beckerman,Kyle,M,250000.0,250000.0,2010
LA,Beckham,David,M,5500000.08,6500000.04,2010
SJ,Beitashour,Steven,D,40000.0,40000.0,2010
RSL,Beltran,Anthony,D,75000.0,110500.0,2010
DAL,Benitez,Jair,D,42000.0,63250.0,2010
LA,Berhalter,Gregg,D,180000.0,198750.0,2010
KC,Besler,Matt,D,50600.0,61850.0,2010
LA,Birchall,Chris,M,132000.0,145125.0,2010
NE,Boggs,Zak,F-M,40000.0,40000.0,2010
CHI,Bone,Corben,M,75000.0,136200.0,2010
RSL,Borchers,Nat,D,140000.0,147500.0,2010
CHV,Borja,Carlos,M,40000.0,40000.0,2010
NY,Borman,Danleigh,M,40000.0,40000.0,2010
CHV,Bornstein,Jonathan,D,100000.0,100000.0,2010
DC,Boskovic,Branko,M,380000.0,516200.0,2010
SEA,Boss,Terry,GK,40000.0,42500.0,2010
HOU,Boswell,Robert,D,190000.0,190000.0,2010
LA,Bowen,Tristan,F,70000.0,101363.63,2010
NY,Boyens,Andrew,D,57005.0,62005.0,2010
CHV,Braun,Justin,F,65000.0,67500.0,2010
CHI,Brown,C.J.,D,95760.0,100560.0,2010
CLB,Brunner,Eric,D,40000.0,40000.0,2010
LA,Buddle,Edson,F,178448.0,188448.0,2010
KC,Bunbury,Teal,F,65000.0,163000.0,2010
DC,Burch,Marc,D,79000.0,81500.0,2010
SJ,Burling,Bobby,D,40000.0,40000.0,2010
CLB,Burns,Kevin,M,40000.0,40000.0,2010
NE,Burpo,Preston,GK,70000.0,70000.0,2010
SJ,Busch,Jon,GK,84000.0,90800.0,2010
PHI,Califf,Daniel,D,250000.0,250000.0,2010
HOU,Cameron,Geoff,M,40000.0,40000.0,2010
RSL,Campos,Pablo,F,78750.0,83596.72,2010
TFC,Cann,Adrian,D,56592.0,65342.0,2010
SJ,Cannon,Joe,GK,190000.0,200256.25,2010
CHI,Carr,Calen,F,71250.0,75500.0,2010
PHI,Carreiro,Fred,M-F,250000.0,282000.0,2010
CLB,Carroll,Brian,M,140569.0,144319.0,2010
COL,Casey,Conor,F,350000.0,350000.0,2010
CHI,Castillo,Nery,M-F,1400004.0,1788060.5,2010
COL,Ceus,Steward,GK,40000.0,40000.0,2010
HOU,Chabala,Michael,M,40000.0,40000.0,2010
DAL,Chavez,Marvin,M,60000.0,70000.0,2010
KC,Chhetri,Sunil,F,100008.0,110008.0,2010
CHV,Chijindu,Chukwudi,M,40000.0,40000.0,2010
HOU,Ching,Brian,F,350000.0,350000.0,2010
NY,Chinn,Conor,F,40000.0,40000.0,2010
NY,Chirgadze,Giorgi,F,40000.0,40000.0,2010
COL,Clark,Colin,M,89250.0,94250.0,2010
HOU,Cochrane,Ryan,D,100000.0,100000.0,2010
NE,Colaluca,Nico,M,100000.0,133000.0,2010
CHI,Conde,Wilman,D,180000.0,200000.0,2010
KC,Conrad,Jimmy,D,232750.0,244000.0,2010
SJ,Convey,Bobby,M,285000.0,307500.0,2010
TFC,Conway,Jon,GK,60000.0,69833.33,2010
SJ,Corrales,Ramiro,M,150000.0,160625.0,2010
PHI,Coudet,Eduardo,M,180000.0,185000.0,2010
NY,Coundoul,Bouna,GK,155000.0,156250.0,2010
DC,Cristman,Adam,F,40000.0,40000.0,2010
SJ,Cronin,Sam,M,57500.0,105500.0,2010
HOU,Cruz,Danny,M,75000.0,118000.0,2010
CHV,Cuesta,Yamin,D,42000.0,44500.0,2010
COL,Cummings,Omar,F,71500.0,80250.0,2010
DAL,Cunningham,Jeffrey,F,220000.0,230125.0,2010
NY,Da Luz,Austin,M,40000.0,52125.0,2010
SJ,Da Silva,Eduardo,F,48000.0,48000.0,2010
DAL,Davies,Kyle,D,57500.0,57500.0,2010
HOU,Davis,Brad,M,215000.04,258062.54,2010
TFC,de Guzman,Julian,M,1670796.0,1717546.0,2010
LA,DeLaGarza,AJ,D,45100.0,45100.0,2010
CHV,Delgado,Dario,D,42000.0,42000.0,2010
HOU,Deric,Tyler,GK,40000.0,40000.0,2010
TFC,DeRosario,Dwayne,M,375000.0,443750.0,2010
CHI,Dimitrov,Stefan,F,40000.0,40000.0,2010
KC,Diop,Ibrahim,M,57000.0,58250.0,2010
LA,Donovan,Landon,F,2050000.0,2127777.78,2010
LA,Dos Santos Cazumba,Alex,D,70000.0,80000.0,2010
NE,Dube,Mkhokheli,F,80000.0,89000.0,2010
CLB,Duka,Dilaver,M,80000.0,213000.0,2010
LA,Dunivant,Todd,D,120000.0,126750.0,2010
CHI,Dykstra,Andrew,GK,40000.0,40000.0,2010
COL,Earls,Danny,D-M,40000.0,41250.0,2010
DAL,Edward,Edson,D,40000.0,40000.0,2010
CLB,Ekpo,Emmanuel,M,155000.0,177250.0,2010
RSL,Espindola,Fabian,F,75000.0,75000.0,2010
CHV,Espinoza,Rodolfo,M,216000.0,218500.0,2010
KC,Espinoza,Roger,M,75000.0,108750.0,2010
SEA,Estrada,David,F,40000.0,40000.0,2010
SEA,Evans,Brad,F,110000.0,123750.0,2010
SEA,Fernandez,Alvaro,M,300000.0,300000.0,2010
DAL,Ferreira,David,M-F,300000.0,300000.0,2010
RSL,Findley,Robert,F,73566.0,87316.0,2010
CHV,Flores,Jorge,F,40000.0,40000.0,2010
CLB,Francis,Shaun,D,40000.0,40000.0,2010
LA,Franklin,Sean,D,73535.0,87285.0,2010
TFC,Frei,Stefan,GK,80000.0,135000.0,2010
SEA,Fucito,Michael,MF,40000.0,40000.0,2010
TFC,Gala,Gabe,D-M,40000.0,40000.0,2010
CHV,Galindo,Maykel,F,96498.0,96498.0,2010
NY,Garcia,Irving,M,40000.0,40000.0,2010
TFC,Garcia,Nick,D,190000.0,198750.0,2010
CLB,Garey,Jason,F,75000.0,76250.0,2010
TFC,Gargan,Daniel,M,40000.0,40000.0,2010
CLB,Gaven,Eddie,M-F,190575.0,190575.0,2010
CHV,Gavin,Blair,M,50000.0,69000.0,2010
NE,Gibbs,Cory,D,121000.0,128142.86,2010
RSL,Gil,Luis,M,85500.0,180583.33,2010
SJ,Gjertsen,Joey,M,65000.0,73625.0,2010
SJ,Glen,Cornell,F,85000.0,99875.0,2010
,Goldthwaite,Kevin,D,120000.0,129000.0,2010
LA,Gomes,Juninho,M,70000.0,80000.0,2010
TFC,Gomez,Emmanuel,D,40000.0,45600.0,2010
DAL,Goncalves,Jackson,D,64620.0,75870.0,2010
LA,Gonzalez,Omar,D,80000.0,157000.0,2010
PHI,Gonzalez,Juan Diego,D,180000.0,184462.5,2010
RSL,Gonzalez,Nelson,M-F,40008.0,40008.0,2010
SEA,Gonzalez,Leonardo,D,72000.0,72000.0,2010
CHV,Gordon,Alan,F,87731.0,87731.0,2010
RSL,Grabavoy,Ned,M,105000.0,105000.0,2010
SEA,Graham,Taylor,D,57750.0,57750.0,2010
DC,Graye,Jordan,D,40000.0,40000.0,2010
CLB,Griffit,Leandre,M,40008.0,40008.0,2010
NE,Griffiths,Jason,M,40000.0,40000.0,2010
CLB,Gruenebaum,Andy,GK,40000.0,40000.0,2010
DAL,Guarda,Bruno,M,75000.0,105000.0,2010
Pool,Guppy,Kevin,GK,40000.0,40000.0,2010
HOU,Hainault,Andrew,D,110000.0,123125.0,2010
HOU,Hall,Tally,GK,60000.0,69375.0,2010
NY,Hall,Jeremy,M,75000.0,124000.0,2010
DC,Hamid,Bill,GK,40000.0,46666.66,2010
TFC,Harden,Ty,D,40000.0,40000.0,2010
KC,Harrington,Michael,M-D,78516.0,97266.0,2010
DAL,Harris,Atiba,M-F,68970.0,71970.0,2010
DAL,Hartman,Kevin,GK,75000.0,80000.0,2010
PHI,Harvey,Jordan,D,55000.0,56250.0,2010
CLB,Hejduk,Frankie,M,120000.0,127500.0,2010
NY,Henry,Thierry,F,5000000.04,5600000.04,2010
KC,Hercegfalvi,Zoltan,F,168000.0,168000.0,2010
DAL,Hernandez,Daniel,M-D,100000.0,112500.0,2010
DAL,Hernandez,Moises,D,31260.0,31260.0,2010
DC,Hernandez,Pablo,F,240000.0,249090.91,2010
SJ,Hernandez,Jason,D,125000.0,125000.0,2010
TFC,Herold,Zachary,D,60000.0,109166.67,2010
CLB,Hesmer,William,GK,125000.0,136000.0,2010
KC,Hohlbein,Aaron,D,40000.0,40000.0,2010
COL,Holody,Mike,D,40000.0,40000.0,2010
RSL,Horst,David,D,40000.0,40000.0,2010
Pool,Horwath,Alex,GK,40000.0,40000.0,2010
TFC,Hscanovics,Raivis,D,114000.0,120250.0,2010
SEA,Hurtado,John Kennedy,D,120000.0,121000.0,2010
CHI,Husidic,Baggio,M,75000.0,117000.0,2010
SEA,Ianni,Patrick,D,75600.0,75600.0,2010
TFC,Ibrahim,Fuad,F,100000.0,133000.0,2010
DAL,Ihemelu,Ugo,D,150000.0,150000.0,2010
CLB,Iro,Andy,D,52360.0,71110.0,2010
PHI,Jacobson,Andrew,M,40000.0,40000.0,2010
DC,Jakovic,Dejan,D,147600.0,167102.5,2010
DC,James,Julius,D,52085.0,61460.0,2010
NE,Jankauskas,Edgaras,F,240000.0,240000.0,2010
SEA,Jaqua,Nate,F,150000.0,157000.0,2010
SJ,Jassey,Omar,M,42000.0,47500.0,2010
CHV,Jazic,Ante,D,105000.0,113500.0,2010
KC,Jewsbury,Jack,D,145000.0,154125.0,2010
CHI,John,Collins,F,160000.0,181875.0,2010
DAL,John,George,D,40000.0,40000.0,2010
CHI,Johnson,Sean,GK,55000.0,88000.0,2010
RSL,Johnson,Will,F,76320.0,89891.43,2010
SJ,Johnson,Ryan,M,125000.0,125000.0,2010
LA,Jordan,Bryan,F,40000.0,40000.0,2010
NE,Joseph,Shalrie,M,450000.0,475000.0,2010
TFC,Joseph,Nane,M,40000.0,40000.0,2010
COL,Joyce,Ian,GK,54000.0,54000.0,2010
KC,Kamara,Kei,F,180000.0,182500.0,2010
NY,Kandji,Macoumba,F,85000.0,112988.37,2010
SEA,Keller,Kasey,GK,300000.0,300000.0,2010
CHV,Kennedy,Dan,GK,54996.0,54996.0,2010
COL,Kimura,Kosuke,D,57750.0,57750.0,2010
DC,King,Stephen,M,40000.0,40000.0,2010
CHI,Kinney,Steven,D,40000.0,40000.0,2010
LA,Kirovski,Jovan,F,84000.0,84000.0,2010
LA,Klein,Chris,M,96000.0,101000.0,2010
PHI,Knighton,Brad,GK,40000.0,40000.0,2010
TFC,Kocic,Milos,GK,40000.0,40000.0,2010
KC,Kounenakis,Nick,D,60000.0,70000.0,2010
LA,Kovalenko,Dema,M,136500.0,144118.75,2010
CHI,Krol,Krzystof,D,100000.0,100000.0,2010
KC,Kronberg,Eric,GK,56000.0,56000.0,2010
COL,LaBauex,Ross,M,40000.0,40000.0,2010
TFC,LaBrocca,Nick,M,77000.0,79500.0,2010
CHV,Lahoud,Michael,M,45100.0,54475.0,2010
DAL,Lambo,Josh,GK,75000.0,108000.0,2010
COL,Larentowicz,Jeff,D,150000.0,150000.0,2010
PHI,Le Toux,Sebastian,M,110000.0,122000.0,2010
KC,Leathers,Jonathan,D,40000.0,40000.0,2010
SJ,Leitch,Chris,D,101000.0,101000.0,2010
CLB,Lenhart,Steven,F,40000.0,42333.34,2010
SEA,Levesque,Roger,F,40000.08,40000.08,2010
LA,Lewis,Eddie,M,96000.0,99333.33,2010
DAL,Leyva,Bryan,M,45000.0,60833.33,2010
CHV,Lillingston,Eduardo,F,100000.0,100000.0,2010
NE,Linck,Roberto,F-M,40000.08,40000.08,2010
NY,Lindpere,Joel,M,80000.0,115000.0,2010
CHI,Ljungberg,Fredrik,M,1300000.0,1314000.0,2010
COL,Lopez,Claudio,F,120000.0,120000.0,2010
CHI,Lowry,Peter,F-M,40000.0,40000.0,2010
DAL,Loyd,Zach,M,40000.0,57125.0,2010
SJ,Luiz Moreira,Andre,M,60000.0,60000.0,2010
DAL,Luna,Ruben,F,45000.0,47000.0,2010
LA,Magee,Mike,F,93500.0,96000.0,2010
CHV,Maldonado,Giancarlo,F,204000.0,204000.0,2010
NE,Mansally,Kenny,F-M,65000.0,72500.0,2010
PHI,Mapp,Justin,M,162000.0,170333.33,2010
DAL,Marosevic,Peri,F,75000.0,124000.0,2010
NY,Marquez,Rafael,D,5544000.0,5544000.0,2010
CLB,Marshall,Chad,D,250000.0,320000.0,2010
LA,Marshall,Yohance,D,40000.0,40000.0,2010
SEA,Marshall,Tyrone,D,165375.0,169125.0,2010
TFC,Martinez,"Miguel ""Mista""",F,968736.0,987337.5,2010
COL,Mastroeni,Pablo,M-D,255000.0,300500.0,2010
CHV,Mayen,Gerson,M,40000.0,40000.0,2010
CHI,McBride,Brian,F,378000.0,403333.33,2010
DAL,McCarty,Dax,M,145000.0,165000.0,2010
SJ,McDonald,Brandon,M,40000.0,40000.0,2010
PHI,McInerney,Jack,F,52250.0,116416.67,2010
RSL,McKenzie,Rauwshan,D,40000.0,40000.0,2010
DC,McTavish,Devon,D-M,70000.0,72500.0,2010
RSL,Melia,Tim,GK,40000.0,40000.0,2010
NY,Mendes,Carlos,D,89250.0,92375.0,2010
CLB,Mendoza,Andres,F,216000.0,240833.33,2010
PHI,Miglioranzi,Stefani,M,125000.0,148125.0,2010
NY,Miller,Roy,M,99996.0,99996.0,2010
CLB,Moffat,Adam,M,50400.0,50400.0,2010
SEA,Montano,Miguel,F,40008.0,40008.0,2010
SEA,Montero,Fredy,F,180000.0,180000.0,2010
COL,Moor,Drew,D,145200.0,162388.89,2010
RSL,Morales,Javier,M,200000.0,252500.0,2010
DC,Moreno,Jaime,F,160000.0,185000.0,2010
PHI,Moreno,Alejandro,F,145000.0,158125.0,2010
SJ,Morrow,Justin,D,40000.0,40000.0,2010
DC,Morsink,Kurt,M,40000.0,40000.0,2010
HOU,Mullan,Brian,M,180500.0,189812.5,2010
HOU,Mulrooney,Richard,M,120000.0,125000.0,2010
NE,Murray,Tim,GK,40000.0,40000.0,2010
PHI,Mwanga,Danny,F,100000.0,206250.0,2010
KC,Myers,Chance,D-M,70000.0,142000.0,2010
CHV,Nagamura,Paulo,M,192000.0,197500.0,2010
DC,Najar,Andy,M-F,39000.0,58995.83,2010
PHI,Nakazawa,Kyle,M,40000.0,40000.0,2010
HOU,Navas,Francisco,M,40000.0,40000.0,2010
HOU,Ngwenya,Joseph,M/F,72000.0,72000.0,2010
KC,Nielsen,Jimmy,GK,100000.0,141666.67,2010
NY,Nielsen,Brian,M,156000.0,156000.0,2010
RSL,Nimo,Alex,F-M,75000.0,108000.0,2010
SEA,Nkufo,Blaise,F,480000.0,480000.0,2010
SEA,Noonan,Pat,F,96000.0,96000.0,2010
PHI,Noone,JT,M,40012.08,40012.08,2010
CHI,Nyarko,Patrick,F,80000.0,160000.0,2010
NE,Nyassi,Sainey,M,70000.0,76750.0,2010
SEA,Nyassi,Sanna,M,40000.0,40000.0,2010
HOU,Obodai,Anthony,M,96000.0,112666.67,2010
COL,O'Brien,Ciaran,M,75000.0,108750.0,2010
HOU,Oduro,Dominic,F,40000.0,40000.0,2010
PHI,Okugo,Amobi,M,75000.0,158000.0,2010
RSL,Olave,Jamison,D,225000.0,240000.0,2010
HOU,Onstad,Patrick,GK,164000.0,172333.33,2010
SJ,Opara,Ike,D,80000.0,165900.0,2010
CLB,O'Rourke,Danny,D,110000.0,122500.0,2010
PHI,Orozco,Michael,D,150000.0,200000.0,2010
NE,Osei,Emmanuel,D,47250.0,52875.0,2010
CLB,Oughton,Duncan,D,40000.0,40000.0,2010
CHV,Padilla,Jesus Andres,F,48000.0,48000.0,2010
CLB,Padula,Gino,D,165000.0,190000.0,2010
COL,Palguta,Scott,D,57750.0,57750.0,2010
HOU,Palmer,Lovel,M,60000.0,71250.0,2010
CHI,Pappa,Marco,M,108000.0,108000.0,2010
SEA,Parke,Jeff,D,99999.96,99999.96,2010
CHI,Pause,Logan,M,160000.0,168125.0,2010
DAL,Pearce,Heath,D,198000.0,207500.0,2010
DC,Pena,Juan,D,40000.0,40000.0,2010
LA,Perk,Brian,GK,52250.0,86350.0,2010
DC,Perkins,Troy,GK,200000.0,205000.0,2010
NE,Perovic,Marko,M,180000.0,190000.0,2010
TFC,Peterson,Jacob,F,125000.0,143000.0,2010
NY,Petke,Mike,D,95000.0,95000.0,2010
NE,Phelan,Pat,M,40000.0,40000.0,2010
COL,Pickens,Matt,GK,135000.0,137500.0,2010
DC,Pontius,Chris,M-F,100000.0,100000.0,2010
DC,Quaranta,Santino,M-F,105000.0,107500.0,2010
DC,Quinn,Andrew,GK,40008.0,40008.0,2010
NY,Ream,Tim,D,40000.0,40000.0,2010
NE,Reis,Matt,GK,182011.0,182011.0,2010
CLB,Renteria,Emilio,F,108000.0,109875.0,2010
RSL,Reynish,Kyle,GK,40000.0,40000.0,2010
LA,Ribeiro Da Silva,Leonardo,D,70000.0,80000.0,2010
DC,Rice,Barry,D,40000.0,40000.0,2010
NY,Richards,Dane,M-F,135000.0,146500.0,2010
LA,Ricketts,Donovan,GK,160000.0,160000.0,2010
SEA,Riley,James,D,72450.0,76075.0,2010
RSL,Rimando,Nick,GK,120000.0,131000.0,2010
SJ,Ring,Brad,M,40000.0,40000.0,2010
CHI,Robinson,Dasan,D,49200.0,49200.0,2010
HOU,Robinson,Eddie,D,135000.0,145000.0,2010
NY,Robinson,Carl,M,300000.0,315000.0,2010
KC,Rocastle,Craig,M,96000.0,102062.5,2010
DAL,Rodriguez,Milton,F,84000.0,114000.0,2010
CLB,Rogers,Robbie,M-F,115000.0,115000.0,2010
CHV,Romero,Osael,M,80000.0,85500.0,2010
RSL,Russell,Robbie,D-M,114000.0,119751.43,2010
RSL,Saborio,Alvaro,F,120000.0,128125.0,2010
DAL,Sala,Dario,GK,160000.0,178125.0,2010
PHI,Salinas,Shea,M,40000.0,40000.0,2010
NY,Salou,Ibrahim,F,264000.0,264000.0,2010
TFC,Santos,Maicon,F,93000.0,93000.0,2010
TFC,Sanyang,Amadou,D,40000.0,46555.55,2010
CHV,Saragosa,Marcelo,D-M,130000.0,134285.71,2010
TFC,Saric,Martin,M,90000.0,90000.0,2010
NY,Sassano,Luke,M-D,40000.0,40000.0,2010
LA,Saunders,Josh,GK,57475.0,60608.75,2010
NE,Schilawski,Zack,F,40000.0,42500.0,2010
RSL,Schuler,Chris,D,40000.0,40000.0,2010
COL,Schunk,Ross,F,40000.0,40000.0,2010
SEA,Scott,Zach,D,42008.0,42008.0,2010
SJ,Sealy,Scott,F,138000.0,145000.0,2010
SEA,Seamon,Michael,M,40000.0,40000.0,2010
CHI,Segares,Gonzalo,D,60000.0,67750.0,2010
PHI,Seitz,Chris,GK,100000.0,135500.0,2010
HOU,Serioux,Adrian,D,96000.0,96000.0,2010
LA,Sesay,Israel,F,75000.0,107083.33,2010
DC,Shanosky,Conor,D,31250.04,37135.54,2010
Pool,Sharpe,Christopher,GK,40000.0,40000.0,2010
DAL,Shea,Brek,M-D,75000.0,108000.0,2010
NE,Shuttleworth,Robert,GK,40000.0,40000.0,2010
DC,Simms,Clyde,M,165000.0,171000.0,2010
NE,Sinovic,Seth,D,40000.0,40000.0,2010
COL,Smith,Jamie,M,172800.0,182800.0,2010
KC,Smith,Ryan,M-F,125000.0,129375.0,2010
NE,Smith,Khano,M-F,50004.0,50004.0,2010
PHI,Stahl,Toni,M,40000.0,110300.0,2010
NY,Stammler,Seth,M,123900.0,123900.0,2010
LA,Stephens,Michael,M,40000.0,42500.0,2010
SJ,Stephenson,Khari,M,151500.0,167333.33,2010
NE,Stolica,Ilija,F,216000.0,221500.0,2010
SEA,Sturgis,Nathan,D-M,65000.0,69250.0,2010
NY,Sutton,Greg,GK,72000.0,76500.0,2010
DC,Talley,Carey,D,99996.0,99996.0,2010
NY,Tchani,Tony,M,75000.0,179000.0,2010
KC,Thomas,Shavar,D,145000.0,159375.0,2010
COL,Thompson,Wells,M,40000.0,48125.0,2010
CHV,Thornton,Zach,GK,145000.0,152500.0,2010
CHI,Thorrington,John,M,177000.0,189500.0,2010
NE,Tierney,Chris,D-M,40000.0,40000.0,2010
PHI,Torres,Roger,M,96000.0,99125.0,2010
CHV,Trujillo,Mariano,M,94500.0,94500.0,2010
NE,Twellman,Taylor,F,434500.0,459500.0,2010
NY,Ubiparipovic,Sinisa,M,40000.0,40000.0,2010
DAL,Ulloa,Victor,M,31260.0,31260.0,2010
CHV,Umana,Michael,D,132000.0,144312.5,2010
CHI,Umanzor,Deris,D,72000.0,72000.0,2010
TFC,Usanov,Maxim,D,96000.0,102250.0,2010
SEA,Vagenas,Peter,M,117000.0,117000.0,2010
SEA,Wahl,Tyson,D,49400.0,52300.0,2010
,Waibel,Craig,D,84710.0,84710.0,2010
COL,Wallace,Anthony,D-M,57500.0,57500.0,2010
DC,Wallace,Rodney,M-D,75000.0,124000.0,2010
SJ,Ward,Tim,D,55000.0,55000.0,2010
RSL,Warner,Collen,MF,40000.0,43750.0,2010
CHI,Watson-Siriboe,Kwame,D,40000.0,40000.0,2010
HOU,Weaver,Cam,F,85000.0,93250.0,2010
TFC,White,O'Brian,F,105000.0,182000.0,2010
DAL,Wiedeman,Andrew,F,65000.0,108000.0,2010
RSL,Williams,Andy,M,88200.0,88200.0,2010
RSL,Wingert,Chris,D,125000.0,125000.0,2010
KC,Wolff,Josh,F,220004.0,220004.0,2010
,Wolyniec,John,F,88000.0,88000.0,2010
SJ,Wondolowski,Chris,M,48000.0,48000.0,2010
COL,Wynne,Marvell,D,66500.0,171750.0,2010
DAL,Yeisley,Jason,F,40000.0,40000.0,2010
SEA,Zakuani,Steve,F,80000.0,178000.0,2010
CHV,Zamora,Cesar,M,40000.0,40000.0,2010
DC,Zayner,Jed,D,57000.0,60875.0,2010
CHV,Zemanski,Ben,M,40000.0,40000.0,2010
PHI,Zimmerman,Nick,D,40000.0,40000.0,2010
CHV,Zizzo,Sal,F,60000.0,68250.0,2010
CHV,Zotinca,Alex,D,60000.0,60000.0,2010
KC,Zusi,Graham,F-M,40000.0,40000.0,2010
COL,Ababio,Eddie,D,32604.0,32604.0,2011
PHI,Adu,Freddy,M,475884.0,594884.0,2011
RSL,Agorsor,Christopher,F,32604.0,32604.0,2011
NY,Agudelo,Juan,F,55000.0,85000.0,2011
KC,Aiyegbusi,Olukorede,D,42000.0,42000.0,2011
VAN,Akloul,Mouloud,D,150000.0,150000.0,2011
COL,Akpan,Andre,F,48000.0,48000.0,2011
NY,Albright,Chris,D,100800.0,104133.33,2011
POR,Alexander,Eric,M,46750.0,46750.0,2011
RSL,Alexandre,Jean,M,42000.0,42000.0,2011
POR,Alhassan,Kalif,M,60000.0,69250.0,2011
SEA,Alonso,Osvaldo,M,140000.0,140000.0,2011
NE,Alston,Kevin,D,100000.0,149000.0,2011
LA,Alvarado,Sean,D,32604.0,32604.0,2011
RSL,Alvarez,Arturo,M-F,192585.0,201922.5,2011
COL,Amarikwa,Quincy,F,42000.0,42000.0,2011
SJ,Ampaipitakwong,Anthony,M,32600.04,32600.04,2011
CHV,Angel,Juan Pablo,F,1000000.0,1250000.0,2011
CHI,Anibaba,Jalil,D,42000.0,82000.0,2011
CLB,Anor,Bernardo,M,42000.0,42000.0,2011
RSL,Araujo Jr.,Paulo,F,42000.0,42000.0,2011
CHV,Arias,Sergio,GK,45000.0,45000.0,2011
COL,Armstrong,David,M,42000.0,51464.29,2011
KC,Arnaud,Davy,M,250000.0,258750.0,2011
RSL,Arnoux,Cody,F,65400.0,71650.0,2011
HOU,Ashe,Corey,M,80000.0,84500.0,2011
SJ,Attakora-Gyan,Nana,D,45000.0,45000.0,2011
NY,Auvray,Stephane,M,60000.0,80000.0,2011
TFC,Avila,Eric,M,100000.0,133000.0,2011
SJ,Baca,Rafael,M,32600.0,32600.0,2011
CLB,Balchan,Rich,D,42000.0,58875.0,2011
NY,Ballouchy,Mehdi,M,125625.0,125625.0,2011
CHI,Banner,Michael,D,42000.0,42000.0,2011
DC,Barklage,Brandon,M,42000.0,43566.67,2011
NE,Barnes,Darrius,D,60500.0,61750.0,2011
CHI,Barouch,Orr,F,32600.0,32600.0,2011
LA,Barrett,Chad,F,192000.0,225333.33,2011
RSL,Beckerman,Kyle,M,219996.0,231246.0,2011
LA,Beckham,David,M,5500000.08,6500000.04,2011
SJ,Beitashour,Steven,D,42000.0,42000.0,2011
RSL,Beltran,Anthony,D,100000.0,135500.0,2011
DAL,Benitez,Jair,D,150000.0,171250.0,2011
LA,Berhalter,Gregg,D,96000.0,96000.0,2011
KC,Besler,Matt,D,58410.0,69660.0,2011
SJ,Bingham,David,GK,60000.0,99500.0,2011
LA,Birchall,Chris,M,144000.0,157125.0,2011
NE,Boggs,Zak,F-M,42000.0,42000.0,2011
CHI,Bone,Corben,M,90000.0,151200.0,2011
RSL,Borchers,Nat,D,159996.0,169058.5,2011
TFC,Borman,Danleigh,M,42000.0,42000.0,2011
DC,Boskovic,Branko,M,389166.67,525366.67,2011
SEA,Boss,Terry,GK,42000.0,44500.0,2011
HOU,Boswell,Bobby,D,210000.0,210000.0,2011
TFC,Bouchiba,Elbekay,M,92004.0,92004.0,2011
CHV,Bowen,Tristan,F,75000.0,106363.63,2011
VAN,Boxall,Michael,D,42000.0,42000.0,2011
CHV,Boyens,Andrew,D,60000.0,60000.0,2011
CHV,Braun,Justin,F,85000.0,87500.0,2011
POR,Braun,Frederick,M,32600.04,32600.04,2011
KC,Bravo,Omar,F,120000.0,170000.0,2011
DC,Brettschneider,Blake,F,42000.0,42000.0,2011
VAN,Brovsky,Jeb,M,42000.0,42000.0,2011
POR,Brown,Adin,GK,72000.0,76000.0,2011
HOU,Bruin,Will,F,80000.0,125000.0,2011
POR,Brunner,Eric,D,70000.0,74250.0,2011
KC,Bunbury,Teal,F,85000.0,183000.0,2011
DC,Burch,Marc,D,95000.0,97500.0,2011
SJ,Burling,Bobby,D,42000.0,42000.0,2011
CLB,Burns,Kevin,M,42000.0,42000.0,2011
SJ,Busch,Jon,GK,145000.0,151800.0,2011
PHI,Califf,Danny,D,250000.0,250000.0,2011
HOU,Camargo,Luiz,M,168000.0,178000.0,2011
HOU,Cameron,Geoff,M,220000.0,245000.0,2011
TFC,Cann,Adrian,D,123996.0,132746.0,2011
VAN,Cannon,Joe,GK,199500.0,209756.25,2011
NE,Caraglio,Milton,F,54000.0,54000.0,2011
LA,Cardozo,Paolo,M,42000.0,53250.0,2011
HOU,Carr,Calen,F,74813.0,79063.0,2011
SEA,Carrasco,Servando,M,42000.0,42000.0,2011
PHI,Carroll,Brian,M,160000.0,160000.0,2011
COL,Casey,Conor,F,400000.0,400000.0,2011
DAL,Castillo,Fabian,F,42000.0,42000.0,2011
KC,Cesar,Julio,D,210000.0,213750.0,2011
COL,Ceus,Steward,GK,42000.0,42000.0,2011
POR,Chabala,Michael,M,67500.0,75833.33,2011
POR,Chara,Diego,M,100008.0,143758.0,2011
CHI,Chaves,Diego,F,45000.0,45000.0,2011
DAL,Chavez,Marvin,M,50000.0,50000.0,2011
CHV,Chijindu,Chukwudi,M,42000.0,42000.0,2011
HOU,Ching,Brian,F,375000.0,412500.0,2011
NY,Chirgadze,Giorgi,F,42000.0,42000.0,2011
VAN,Chiumiento,Davide,M/F,280000.0,280000.0,2011
HOU,Clark,Colin,M,93713.0,98713.0,2011
NE,Cochrane,Ryan,D,70000.0,71666.67,2011
KC,Collin,Aurelien,D,185004.0,191254.0,2011
COL,Comminges,Miguel,D,42000.0,42000.0,2011
SJ,Convey,Bobby,M,313500.0,336000.0,2011
CHI,Conway,Jon,GK,70000.0,79833.33,2011
POR,Cooper,Kenny,F,250000.0,267500.0,2011
TFC,Cordon,Oscar,M,32604.0,32604.0,2011
NE,Coria,Franco,D,100000.0,105000.0,2011
SJ,Corrales,Ramiro,M,165000.0,175625.0,2011
CHV,Cortez,Chris,F,32604.0,32604.0,2011
HOU,Costly,Carlo,F,335000.04,425583.37,2011
NY,Coundoul,Bouna,GK,178250.0,179500.0,2011
CHV,Courtois,Laurent,M,60000.0,206000.0,2011
LA,Cristman,Adam,F,42000.0,42000.0,2011
DC,Cronin,Steve,GK,72000.0,72000.0,2011
SJ,Cronin,Sam,M,63250.0,111250.0,2011
DAL,Cruz,Daniel,M,90000.0,106250.0,2011
HOU,Cruz,Danny,M,80000.0,123000.0,2011
CHI,Cuesta,Yamith,D,72000.0,82000.0,2011
COL,Cummings,Omar,F,80438.0,89188.0,2011
CLB,Cunningham,Jeffrey,F,140000.0,152500.0,2011
KC,Cyrus,Daneil,D,42000.0,44991.56,2011
DC,Da Luz,Austin,M,44000.0,82375.0,2011
PHI,Daniel,Keon,M,42000.0,46410.0,2011
POR,Danso,Mamdou,D,75000.0,75000.0,2011
DC,Davies,Charlie,F,184620.0,244870.0,2011
LA,Davies,Kyle,D,50004.0,52566.5,2011
VAN,Davies,Philippe,M,32600.0,32600.0,2011
HOU,Davis,Brad,M,235000.0,278062.5,2011
SJ,Dawkins,Simon,M,60000.0,60000.0,2011
TFC,de Guzman,Julian,M,1863996.0,1910746.0,2011
CHV,De La Fuente,Bryan,M,50400.0,52200.0,2011
LA,DeLaGarza,AJ,D,55100.0,77600.0,2011
VAN,Demerit,Jay,D,300000.0,350000.0,2011
HOU,Deric,Tyler,GK,42000.0,42000.0,2011
DC,DeRosario,Dwayne,M,425000.0,493750.0,2011
POR,Dike,Bright,F,42000.0,44937.5,2011
KC,Diop,Ibrahim,M,60000.0,64250.0,2011
HOU,Dixon,Alex,M,45000.0,50000.0,2011
LA,Donovan,Landon,F,2300000.0,2300000.0,2011
NE,Dube,Kheli,F,90000.0,99000.0,2011
VAN,Duckett,Bilal,D,32600.0,32600.0,2011
CHI,Dufty,Alec,GK,32600.04,32600.04,2011
CLB,Duka,Dilaver,M,90000.0,223000.0,2011
TFC,Dunfield,Terry,M,65000.0,65000.0,2011
LA,Dunivant,Todd,D,135000.0,141750.0,2011
COL,Earls,Danny,D,32604.0,32604.0,2011
TFC,Eckersley,Richard,D,75000.0,90000.0,2011
DAL,Edward,Edson,D,42000.0,42000.0,2011
CLB,Ekpo,Emmanuel,M,200000.0,222250.0,2011
CHV,Elliot,Simon,M,75000.0,79000.0,2011
KC,Ellis,Kevin,D,32604.0,33354.0,2011
COL,Emory,Steven,M,32604.0,32604.0,2011
RSL,Espindola,Fabian,F,75000.0,75000.0,2011
KC,Espinoza,Roger,M,100000.0,133750.0,2011
SEA,Estrada,David,F,32604.0,32604.0,2011
CHV,Estupinan,Victor,F,42000.0,52000.0,2011
SEA,Evans,Brad,F,121000.0,134750.0,2011
NE,Fagundez,Diego,F,52500.0,53500.0,2011
PHI,Farfan,Gabriel,M,42000.0,42000.0,2011
PHI,Farfan,Michael,M,42000.0,79500.0,2011
NE,Feilhaber,Benny,M,300000.0,346000.0,2011
SEA,Fernandez,Alvaro,M,300000.0,366666.67,2011
CHI,Ferrari,Gabriel,F,70000.0,70875.0,2011
DAL,Ferreira,David,M-F,600000.0,705000.0,2011
CHV,Flores,Jorge,F,60000.0,61666.67,2011
COL,Folan,Caleb,F,200000.0,203375.0,2011
SEA,Ford,Joshua,GK,32604.0,32604.0,2011
CLB,Francis,Shaun,D,42000.0,42000.0,2011
LA,Franklin,Sean,D,97389.0,111139.0,2011
HOU,Freeman,Hunter,D,150000.0,160833.33,2011
TFC,Frei,Stefan,GK,100000.0,155000.0,2011
SEA,Friberg,Erik,M,110000.0,110000.0,2011
TFC,Frings,Torsten,M,699996.0,1113662.67,2011
SEA,Fucito,Michael,MF,42000.0,42000.0,2011
DAL,Galindo,Maykel,F,50004.0,50004.0,2011
CLB,Gardner,Joshua,M,49200.0,49200.0,2011
HOU,Garey,Jason,F,80000.0,81250.0,2011
CHI,Gargan,Daniel,M,70000.0,70000.0,2011
CLB,Gaven,Eddie,M-F,209633.0,209633.0,2011
CHV,Gavin,Blair,M,55000.0,74000.0,2011
CLB,Gehrig,Eric,M,32600.04,32600.04,2011
CHI,Gibbs,Cory,D,150000.0,150000.0,2011
RSL,Gil,Luis,M,90250.0,185333.33,2011
SJ,Gjertsen,Joey,M,75000.0,83625.0,2011
POR,Gleeson,Jake,GK,42000.0,44000.0,2011
TFC,Gold,Matt,M,42000.0,42000.0,2011
POR,Goldthwaite,Kevin,D,110000.0,126666.67,2011
LA,Gomes,Juninho,M,90000.0,100000.0,2011
DAL,Goncalves,Jackson,D,84000.0,105375.0,2011
LA,Gonzalez,Omar,D,120000.0,197000.0,2011
PHI,Gonzalez,Juan Diego,D,189000.0,193462.5,2011
RSL,Gonzalez,Nelson,M-F,42008.0,42008.0,2011
SEA,Gonzalez,Leonardo,D,110000.0,110000.0,2011
SJ,Gordon,Alan,F,96504.0,96504.0,2011
RSL,Grabavoy,Ned,M,118125.0,118125.0,2011
SEA,Graham,Taylor,D,60638.0,60638.0,2011
CHI,Grazzini,Sebastian,M,48000.0,48000.0,2011
TOR,Griffit,Leandre,M,55000.0,55000.0,2011
CLB,Grossman,Cole,M,42000.0,42000.0,2011
CLB,Gruenebaum,Andy,GK,65000.0,66666.67,2011
DAL,Guarda,Bruno,M,48000.0,63000.0,2011
CHI,Gulley,Kellen,F,48000.0,62000.0,2011
POOL,Guppy,Kevin,GK,42000.0,42000.0,2011
NE,Guy,Ryan,F,42000.0,42000.0,2011
HOU,Hainault,Andrew,D,135000.0,148125.0,2011
HOU,Hall,Tally,GK,85000.0,94375.0,2011
DAL,Hall,Jeremy,M,80000.0,129000.0,2011
DC,Hamid,Bill,GK,55000.0,69750.0,2011
TFC,Harden,Ty,D,65000.0,73666.67,2011
KC,Harrington,Michael,M-D,110000.0,136833.33,2011
VAN,Harris,Atiba,M-F,77590.0,80590.0,2011
DAL,Hartman,Kevin,GK,155000.0,175000.0,2011
VAN,Harvey,Jordan,D,61875.0,63125.0,2011
VAN,Hassli,Eric,F,660000.0,900000.0,2011
CLB,Heinemann,Tommy,F,42000.0,42000.0,2011
LA,Hejduk,Frankie,M,96000.0,96000.0,2011
NY,Henry,Thierry,F,5000000.04,5600000.04,2011
TFC,Henry,Doneil,D,42000.0,43000.0,2011
DAL,Hernandez,Daniel,M-D,160000.0,172500.0,2011
DAL,Hernandez,Moises,D,42000.0,44500.0,2011
SJ,Hernandez,Jason,D,150000.0,150000.0,2011
NY,Hertzog,Corey,F,65000.0,93500.0,2011
CLB,Hesmer,William,GK,152500.0,163500.0,2011
COL,Holody,Mike,D,32604.0,32604.0,2011
POR,Horst,David,D,42000.0,42000.0,2011
CLB,Horton,Aaron,F,45000.0,60500.0,2011
NY,Horwath,Alex,GK,32604.0,32604.0,2011
NY,Hot,Sacir,D,32600.0,33600.0,2011
PHI,Houapeu,Levi,F,32604.0,32604.0,2011
SEA,Hurtado,John Kennedy,D,135000.0,136000.0,2011
CHI,Husidic,Baggio,M,82500.0,124500.0,2011
SEA,Ianni,Patrick,D,85050.0,85050.0,2011
DAL,Ihemelu,Ugo,D,170000.0,170000.0,2011
TOR,Iro,Andy,D,68596.0,87346.0,2011
DAL,Jacobson,Andrew,M,45000.0,45000.0,2011
DC,Jakovic,Dejan,D,181600.0,201643.0,2011
CLB,James,Julius,D,62794.0,72169.0,2011
VAN,Janicki,Greg,D,45000.0,45000.0,2011
COL,Janniere,Joshua,M,32604.0,32604.0,2011
SEA,Jaqua,Nate,F,140004.0,140004.0,2011
VAN,Jarju,Mustapha,M,400008.0,426883.0,2011
CHV,Jazic,Ante,D,115000.0,123500.0,2011
KC,Jeferson,,F,429996.0,484996.0,2011
POR,Jewsbury,Jack,D,155000.0,158166.67,2011
LA,Jimenez,Hector,M,32604.0,32604.0,2011
DAL,John,George,D,42000.0,42000.0,2011
CHI,Johnson,Sean,GK,75000.0,108000.0,2011
POR,Johnson,Eddie,F,80000.0,88000.0,2011
RSL,Johnson,Will,F,225000.0,225000.0,2011
TFC,Johnson,Ryan,M,131250.0,131250.0,2011
NY,Jones,Mychel,D,42000.0,42000.0,2011
LA,Jordan,Bryan,F,42000.0,42000.0,2011
NE,Joseph,Shalrie,M,475000.0,500000.0,2011
COL,Joyce,Ian,GK,70000.0,70000.0,2011
KC,Kamara,Kei,F,200000.0,202500.0,2011
COL,Kandji,Macoumba,F,120000.0,147988.37,2011
NY,Kassel,Matt,M,32600.0,36600.0,2011
LA,Keane,Robbie,F,2917241.4,3417243.15,2011
LA,Keat,Daniel,M,42000.0,64500.0,2011
NY,Keel,Stephen,D,42000.0,42000.0,2011
SEA,Keller,Kasey,GK,250000.0,250000.0,2011
KC,Kempin,Jonathan,GK,42000.0,49083.33,2011
CHV,Kennedy,Dan,GK,62496.0,62496.0,2011
VAN,Khalfan,Nizar,M,60000.0,61250.0,2011
COL,Kimura,Kosuke,D,63525.0,63525.0,2011
DC,King,Stephen,M,44000.0,46500.0,2011
NE,Kinne,Ryan,F,32604.0,32604.0,2011
CHI,Kinney,Steven,D,42000.0,42000.0,2011
LA,Kirovski,Jovan,F,84000.0,86000.0,2011
DC,Kitchen,Perry,D,62750.0,148200.0,2011
VAN,Knight,Wes,M/D,50000.0,50000.0,2011
TFC,Kocic,Milos,GK,42000.0,42000.0,2011
TFC,Koevermans,Danny,F,999996.0,1413319.33,2011
VAN,Koffie,Gershon,M,75000.0,79764.38,2011
NE,Koger,Alan,F,32604.0,32604.0,2011
POOL,Konopka,Chris,GK,42000.0,42000.0,2011
DC,Korb,Chris,D,42000.0,42000.0,2011
KC,Kronberg,Eric,GK,62500.0,62500.0,2011
COL,LaBauex,Ross,M,44000.0,44000.0,2011
CHV,LaBrocca,Nick,M,84700.0,87200.0,2011
CHV,Lahoud,Michael,M,63360.0,72735.0,2011
DAL,Lambo,Josh,GK,100000.0,133000.0,2011
COL,Larentowicz,Jeff,D,165000.0,165000.0,2011
NY,Lassiter,Tyler,D,32604.0,32604.0,2011
PHI,Le Toux,Sebastian,M,155000.0,179000.0,2011
VAN,Leathers,Jonathan,D,42000.0,42000.0,2011
SJ,Leitch,Chris,D,106050.0,106050.0,2011
NE,Lekic,Radivoje,F,275004.0,275004.0,2011
SJ,Lenhart,Steven,F,45000.0,47333.34,2011
SEA,Levesque,Roger,F,44000.0,44000.0,2011
DAL,Leyva,Bryan,M,55000.0,70833.33,2011
NY,Lindpere,Joel,M,90000.0,125000.0,2011
TFC,Lindsay,Nicholas,F,42000.0,43000.0,2011
NE,Loewy,Otto,D,42000.0,42000.0,2011
CHV,Lopes,David Junior,D,45000.0,45000.0,2011
LA,Lopez,Miguel,M,45000.0,45000.0,2011
POR,Lopez,Rodrigo,M,32604.0,32604.0,2011
KC,Lorenz,Scott,D,32604.0,32604.0,2011
POR,Lowry,Peter,F-M,60000.0,61666.67,2011
DAL,Loyd,Zach,M,52250.0,96875.0,2011
SJ,Luiz Moreira,Andre,M,72000.0,72000.0,2011
DAL,Luna,Ruben,F,55000.0,79791.67,2011
SJ,Luzunaris,Matt,F,32604.0,32604.0,2011
PHI,MacMath,Zac,GK,80000.0,125000.0,2011
LA,Magee,Mike,F,102850.0,105350.0,2011
TFC,Makubuya,Keith,F,32604.0,32604.0,2011
NE,Mansally,Kenny,F-M,71500.0,79000.0,2011
PHI,Mapp,Justin,M,175000.0,183333.33,2011
POR,Marcelin,James,M,65000.0,65000.0,2011
CHI,Maric,Marko,M,150000.0,200000.0,2011
TFC,Marosevic,Peri,F,80000.0,129000.0,2011
NY,Marquez,Rafael,D,4600000.0,4600000.0,2011
CLB,Marshall,Chad,D,250000.0,320000.0,2011
COL,Marshall,Tyrone,D,80000.0,83250.0,2011
TFC,Martina,Javier,F,89460.0,96140.75,2011
COL,Mastroeni,Pablo,M-D,240000.0,245000.0,2011
CHV,Mayen,Gerson,M,32604.0,32604.0,2011
LA,McBean,Jack,F,55000.0,76000.0,2011
NE,McCarthy,Stephen,M,42000.0,73250.0,2011
NY,McCarty,Dax,M,155000.0,175000.0,2011
LA,McCarty,Dustin,M,32604.0,32604.0,2011
DC,McDonald,Brandon,M,45000.0,45000.0,2011
PHI,McInerney,Jack,F,71250.0,135416.67,2011
RSL,McKenzie,Rauwshan,D,42000.0,42000.0,2011
SJ,McLoughlin,Ellis,F,32600.0,32600.0,2011
DC,McTavish,Devon,D-M,50000.0,50000.0,2011
RSL,Melia,Tim,GK,42000.0,42000.0,2011
NY,Mendes,Carlos,D,98175.0,101300.0,2011
CHV,Mendoza,Francisco,F,55000.0,55000.0,2011
CLB,Mendoza,Andres,F,500000.0,595000.0,2011
CLB,Meram,Justin,F,42000.0,66375.0,2011
PHI,Miglioranzi,Stefani,M,130000.0,153125.0,2011
CHI,Mikulic,Josip,D,110000.0,116250.0,2011
NY,Miller,Roy,M,99996.0,99996.0,2011
CLB,Miranda,Sebastian,D,110000.0,115000.0,2011
HOU,Moffat,Adam,M,56700.0,56700.0,2011
CHV,Mondaini,Marcos,F,45000.0,45000.0,2011
PHI,Mondragon,Faryd,GK,230000.0,396666.67,2011
SEA,Montano,Miguel,F,32604.0,32604.0,2011
SEA,Montero,Fredy,F,500000.0,656000.0,2011
COL,Moor,Drew,D,159720.0,176908.89,2011
RSL,Morales,Javier,M,400000.0,452500.0,2011
CHV,Moreno,Alejandro,F,172000.0,182000.0,2011
VAN,Morfaw,Alexandre,M,90000.0,90000.0,2011
TFC,Morgan,Ashtone,D,32604.0,32604.0,2011
SJ,Morrow,Justin,D,42000.0,42000.0,2011
DC,Morsink,Kurt,M,62000.0,63500.0,2011
COL,Mullan,Brian,M,190000.0,199312.5,2011
NE,Murray,Tim,GK,42000.0,42000.0,2011
PHI,Mwanga,Danny,F,120000.0,226250.0,2011
KC,Myers,Chance,D-M,72000.0,87666.67,2011
CHV,Nagamura,Paulo,M,225000.0,230500.0,2011
POR,Nagbe,Darlington,M/F,65000.0,201000.0,2011
DC,Najar,Andy,M-F,125000.0,155800.0,2011
PHI,Nakazawa,Kyle,M,44000.0,44000.0,2011
VAN,Nanchoff,Michael,M,60000.0,95000.0,2011
COL,Nane,Joseph,M,42000.0,42000.0,2011
HOU,Navas,Francisco,M,42000.0,46250.0,2011
CHI,Nazarit,Cristian,F,240000.0,302500.0,2011
SEA,Neagle,Lamar,M,32604.0,32604.0,2011
HOU,Newton,Evan,GK,32600.0,32600.0,2011
DC,Ngwenya,Joseph,M/F,156000.0,156000.0,2011
KC,Nielsen,Jimmy,GK,200000.0,241666.67,2011
NY,Nielsen,Brian,M,120000.0,120000.0,2011
VAN,Nolly,Jay,GK,65000.0,65000.0,2011
SEA,Noonan,Pat,F,48000.0,48000.0,2011
CHI,Nyarko,Patrick,F,110000.0,190000.0,2011
COL,Nyassi,Sanna,M,42000.0,42000.0,2011
NE,Nyassi,Sainey,M,80000.0,86750.0,2011
SEA,Ochoa,Sammy,F,42000.0,44500.0,2011
CHI,Oduro,Dominic,F,95004.0,97004.0,2011
PHI,Okugo,Amobi,M,85000.0,168000.0,2011
RSL,Olave,Jamison,D,124992.0,174992.0,2011
TFC,Omphroy,Demitrius,D,42000.0,42000.0,2011
SJ,Opara,Ike,D,100000.0,185900.0,2011
CLB,O'Rourke,Danny,D,121000.0,133500.0,2011
CHI,Paladini,Daniel,M,75000.0,79478.25,2011
COL,Palguta,Scott,D,60638.0,60638.0,2011
POR,Palmer,Lovel,M,75000.0,86250.0,2011
CHI,Pantazopoulos,Pari,D,32604.0,32604.0,2011
CHI,Pappa,Marco,M,120000.0,125000.0,2011
CHI,Pardo,Pavel,M,129996.0,159996.0,2011
SEA,Parke,Jeff,D,136500.0,136500.0,2011
NY,Paulo,Marcos,F,82000.0,82000.0,2011
PHI,Paunovic,Veljko,M/F,90000.0,90000.0,2011
CHI,Pause,Logan,M,176000.0,184125.0,2011
CHV,Pearce,Heath,D,247825.0,257325.0,2011
LA,Perk,Brian,GK,71250.0,105350.0,2011
POR,Perkins,Troy,GK,250000.0,280000.0,2011
POR,Perlaza,Jorge,F,100000.0,115000.0,2011
SJ,Peterson,Jacob,F,142500.0,150775.0,2011
KC,Peterson,Joseph,M,42000.0,42000.0,2011
PHI,Pfeffer,Zach,M,55000.0,65000.0,2011
NE,Phelan,Pat,M,60000.0,60000.0,2011
COL,Pickens,Matt,GK,155250.0,157750.0,2011
CHI,Pineda,Victor,M,42000.0,48742.42,2011
TFC,Plata,Joao,F,42000.0,42000.0,2011
DC,Pontius,Chris,M-F,125000.0,136250.0,2011
POR,Pore,Ryan,M,80000.0,80000.0,2011
CLB,Prim,Santiago,M,32600.0,32600.0,2011
POR,Purdy,Steve,D,42000.0,42000.0,2011
DC,Quaranta,Santino,M-F,115000.0,117500.0,2011
NY,Ream,Tim,D,55125.0,62625.0,2011
NE,Reis,Matt,GK,187312.0,191112.0,2011
CLB,Renteria,Emilio,F,120000.0,121875.0,2011
RSL,Reynish,Kyle,GK,50000.0,58304.0,2011
LA,Ribeiro Da Silva,Leonardo,D,90000.0,100000.0,2011
NY,Richards,Dane,M-F,145000.0,156500.0,2011
PHI,Richter,Ryan,F,32604.0,32604.0,2011
LA,Ricketts,Donovan,GK,170000.0,195000.0,2011
CLB,Riggs,Alex,GK,32600.04,32600.04,2011
SEA,Riley,James,D,92000.0,97962.5,2011
RSL,Rimando,Nick,GK,150000.0,158250.0,2011
SJ,Ring,Brad,M,42000.0,42000.0,2011
TFC,Robinson,Dasan,D,97500.0,100000.0,2011
HOU,Robinson,Eddie,D,120000.0,120000.0,2011
NY,Robinson,Carl,M,75000.0,75000.0,2011
KC,Rocastle,Craig,M,110000.0,116062.5,2011
VAN,Rochat,Alain,D,150000.0,150000.0,2011
NY,Rodgers,Luke,F,180000.0,180000.0,2011
CLB,Rogers,Robbie,M-F,140000.0,140000.0,2011
NY,Rooney,John,M,48000.0,58000.0,2011
SEA,Rosales,Mauro,M,42000.0,42000.0,2011
NY,Rost,Frank,GK,545460.0,545460.0,2011
CLB,Rusmir,Dejan,M,159996.0,170496.0,2011
RSL,Russell,Robbie,D-M,128250.0,134001.43,2011
KC,Saad,Soony,F,32604.0,32604.0,2011
RSL,Saborio,Alvaro,F,250000.0,305625.0,2011
VAN,Salgado,Omar,F,80000.0,121868.67,2011
VAN,Salinas,Shea,M,44000.0,44000.0,2011
DAL,Sanchez,Richard,GK,32600.0,33600.0,2011
DAL,Santos,Maicon,F,126000.0,126000.0,2011
VAN,Sanvezzo,Camilo,F,127920.0,133545.0,2011
SEA,Sanyang,Amadou,M,32604.0,32604.0,2011
KC,Sapong,Charles,F,42000.0,42000.0,2011
HOU,Sarkodie,Kofi,D,65000.0,110500.0,2011
KC,Sassano,Luke,M-D,51600.0,55025.0,2011
LA,Saunders,Josh,GK,63222.0,66355.75,2011
NE,Schilawski,Zack,F,49875.0,59875.0,2011
NY,Schneider,Teddy David,D,32604.0,32604.0,2011
RSL,Schuler,Chris,D,32600.0,32600.0,2011
SEA,Scott,Zach,D,44109.0,44109.0,2011
SJ,Sealy,Scott,F,150000.0,157000.0,2011
SEA,Seamon,Michael,M,42000.0,42000.0,2011
CHI,Segares,Gonzalo,D,160000.0,167750.0,2011
DAL,Seitz,Chris,GK,100000.0,100000.0,2011
DC,Shanosky,Conor,D,55000.0,69218.83,2011
POOL,Sharpe,Chris,GK,42000.0,42000.0,2011
DAL,Shea,Brek,M-D,100000.0,128000.0,2011
NE,Shuttleworth,Robert,GK,42000.0,42000.0,2011
DC,Simms,Clyde,M,173250.0,179250.0,2011
KC,Sinovic,Seth,M-D,32604.0,32604.0,2011
CLB,Sippola,Ben,M-D,32600.04,32600.04,2011
COL,Smith,Jamie,M,136992.0,146992.0,2011
KC,Smith,Ryan,M-F,140000.0,144375.0,2011
NE,Soares,AJ,D,42000.0,82000.0,2011
NY,Solli,Jan Gunnar,M,180000.0,180000.0,2011
TFC,Soolsma,Nick,M-F,86004.0,86004.0,2011
HOU,Soto,Josue,M,32600.04,38225.04,2011
NE,Sousa,Andrew,M,32604.0,32604.0,2011
LA,Stephens,Michael,M,57750.0,79000.0,2011
SJ,Stephenson,Khari,M,165000.0,178333.33,2011
DAL,Stewart,Jack,D,42000.0,42000.0,2011
TFC,Stinson,Matthew,M,32604.0,32604.0,2011
KC,Stojcev,Milos,M,90000.0,99000.0,2011
TFC,Sturgis,Nathan,D-M,85000.0,89250.0,2011
NY,Sutton,Greg,GK,75600.0,80100.0,2011
VAN,Sylvestre,Brian,GK,32600.04,32600.04,2011
NY,Tainio,Teemu,M,159996.0,164996.0,2011
PHI,Tait,Joe,D,42000.0,42000.0,2011
VAN,Tan,Long,F,32600.04,32600.04,2011
HOU,Taylor,Jermaine,D,57500.0,62500.0,2011
POR,Taylor,Christopher,D,32600.04,32600.04,2011
CLB,Tchani,Tony,M,90000.0,194000.0,2011
VAN,Teibert,Russell,M,50004.0,55604.0,2011
SEA,Tetteh,Michael,M,60000.0,77663.06,2011
KC,Thomas,Shavar,D,160000.0,174375.0,2011
LA,Thomas,Ryan,D,32604.0,32604.0,2011
COL,Thompson,Wells,M,77500.0,85625.0,2011
POR,Thompson,Spencer,F,32604.0,32604.0,2011
CHV,Thornton,Zach,GK,155000.0,162500.0,2011
VAN,Thorrington,John,M,194700.0,207200.0,2011
NE,Tierney,Chris,D-M,65000.0,66666.67,2011
RSL,Toia,Donny,F,45000.0,60000.0,2011
DAL,Top,Jonathan,F,42000.0,42000.0,2011
PHI,Torres,Roger,M,105600.0,108725.0,2011
CHV,Trujillo,Mariano,M,99225.0,99225.0,2011
DAL,Ulloa,Victor,M,42000.0,44500.0,2011
CHV,Umana,Michael,D,138000.0,145500.0,2011
POR,Umony,Brian,F,65004.0,85004.0,2011
VAN,Vagenas,Peter,M,48000.0,48000.0,2011
PHI,Valdes,Carlos,D,180000.0,180000.0,2011
CHV,Valentin,Zarek,D,80000.0,132000.0,2011
CLB,Veeder,Korey,D,32600.0,34475.0,2011
TFC,Viator,Eddy,D,90000.0,101875.0,2011
CHI,Videira,Michael,M,42000.0,42625.0,2011
DAL,Villar,Ricardo,M,150000.0,150000.0,2011
VAN,Wagner,Blake,D,42000.0,42000.0,2011
SEA,Wahl,Tyson,D,51870.0,54770.0,2011
COL,Wallace,Anthony,D-M,60375.0,60375.0,2011
POR,Wallace,Rodney,M-D,90000.0,139000.0,2011
SJ,Ward,Tim,D,60500.0,60500.0,2011
RSL,Warner,Collen,M-F,42000.0,55750.0,2011
DAL,Warshaw,Bobby,D,42000.0,53250.0,2011
KC,Warzycha,Konrad,M,32604.0,32604.0,2011
HOU,Watson,Je-Vaughn,M,75000.0,91875.0,2011
CHI,Watson-Siriboe,Kwame,D,44000.0,44000.0,2011
HOU,Weaver,Cam,F,89250.0,97500.0,2011
SJ,Weber,Andrew,GK,65004.0,65004.0,2011
DC,White,Ethan,D,55000.0,71000.0,2011
SEA,White,O'Brian,F,100000.0,100000.0,2011
DAL,Wiedeman,Andrew,F,75000.0,118000.0,2011
CLB,Williams,Josh,D,42000.0,42000.0,2011
PHI,Williams,Sheanon,F,42000.0,42000.0,2011
RSL,Williams,Andy,M,99225.0,99225.0,2011
TFC,Williams,Dicoy,D,50004.0,50004.0,2011
DC,Willis,Joe,GK,42000.0,42000.0,2011
RSL,Wingert,Chris,D,135000.0,135000.0,2011
DC,Wolff,Josh,F,160000.0,160000.0,2011
SJ,Wondolowski,Chris,M,175000.0,175000.0,2011
DC,Woolard,Daniel,D,50000.0,50000.0,2011
COL,Wynne,Marvell,D,225000.0,301666.67,2011
TFC,Yourassowsky,Mikael,D,80004.0,81670.67,2011
SEA,Zakuani,Steve,F,90000.0,188000.0,2011
TFC,Zavarise,Gianluca,M,42000.0,46517.75,2011
DC,Zayner,Jed,D,66500.0,70375.0,2011
CHV,Zemanski,Ben,M,44000.0,44000.0,2011
NE,Zerka,Monsef,M-F,216000.0,226000.0,2011
POR,Zizzo,Sal,F,65000.0,73250.0,2011
SJ,Zura,Edmundo,F,48000.0,48000.0,2011
KC,Zusi,Graham,F-M,42000.0,42000.0,2011
PHI,Adu,Freddy,M,400000.0,519000.0,2012
CHV,Agudelo,Juan,F,70000.0,100000.0,2012
KC,Aiyegbusi,Olukorede,D,44100.0,44100.0,2012
COL,Akpan,Andre,F,57200.0,57200.0,2012
PHI,Albright,Chris,D,55000.0,55000.0,2012
VAN,Alderson,Bryce,M,60000.0,75000.0,2012
CHI,Alex,,M,96000.0,105950.0,2012
POR,Alexander,Eric,M,56925.0,56925.0,2012
SJ,Alexandre,Jean,M,44100.0,44100.0,2012
POR,Alhassan,Kalif,M,70000.0,79250.0,2012
SEA,Alonso,Osvaldo,M,185000.0,185000.0,2012
NE,Alston,Kevin,D,120000.0,169000.0,2012
RSL,Alvarez,Yordany,M,44100.0,44100.0,2012
TOR,Amarikwa,Quincy,F,44100.0,44100.0,2012
SJ,Ampaipitakwong,Anthony,M,44000.0,44000.0,2012
CHV,Angel,Juan Pablo,F,350000.0,600000.0,2012
POOL,Angevine,Scott,GK,33756.0,33756.0,2012
NY,Angulo,Jose,F,33750.0,33750.0,2012
CHI,Anibaba,Jalil,D,65450.0,105450.0,2012
CLB,Anor,Bernardo,M,44100.0,44100.0,2012
RSL,Araujo Jr.,Paulo,F,65000.0,65000.0,2012
MTL,Arguez,Bryan,D/M,65000.0,65000.0,2012
COL,Armstrong,David,M,44100.0,53564.29,2012
MTL,Arnaud,Davy,M,275000.0,290000.0,2012
CLB,Arrieta,Jairo,F,216000.0,225375.0,2012
NY,Arteaga,Jhonny,F,44000.0,44000.0,2012
HOU,Ashe,Corey,M,90000.0,94500.0,2012
DC,Augusto,Raphael,M,44004.0,44004.0,2012
TOR,Avila,Eric,M,125000.0,158000.0,2012
SJ,Baca,Rafael,M,44000.0,44000.0,2012
CLB,Balchan,Rich,D,51700.0,68575.0,2012
SJ,Ballouchy,Mehdi,M,138188.0,138188.0,2012
VAN,Barbara,Etienne,F,87500.0,87500.0,2012
NY,Barklage,Brandon,M,44000.0,45566.67,2012
NE,Barnes,Darrius,D,68063.0,69313.0,2012
HOU,Barnes,Giles,M,120000.0,132750.0,2012
CHI,Barouch,Orr,F,44000.0,44000.0,2012
LA,Barrett,Chad,F,220000.0,253333.33,2012
RSL,Beckerman,Kyle,M,300000.0,311250.0,2012
LA,Beckham,David,M,3000000.0,3999999.96,2012
SJ,Beitashour,Steven,D,44100.0,44100.0,2012
RSL,Beltran,Anthony,D,125000.0,160500.0,2012
POR,Bendik,Joe,GK,44000.0,44000.0,2012
NE,Bengston,Jerry,F,120000.0,126840.0,2012
DAL,Benitez,Jair,D,80000.0,80000.0,2012
SJ,Bernardez,Victor,D,100000.0,100000.0,2012
MTL,Bernier,Patrice,F-M,130000.0,149333.25,2012
CHI,Berry,Austin,D,44000.0,59000.0,2012
KC,Besler,Matt,D,91751.0,103001.0,2012
SJ,Bingham,David,GK,71000.0,115375.0,2012
CLB,Birchall,Chris,M,102000.0,109000.0,2012
CHV,Bolanos,Miller,M,48000.0,48000.0,2012
CHI,Bone,Corben,M,100000.0,161200.0,2012
RSL,Bonfigli,Emiliano,F,44000.0,44000.0,2012
VAN,Bonjour,Fernando,D,192000.0,276987.5,2012
RSL,Borchers,Nat,D,200004.0,211972.75,2012
NY,Borrajo,Jonathan,M-D,44000.0,44000.0,2012
DC,Boskovic,Branko,M,195240.0,242340.0,2012
HOU,Boswell,Bobby,D,200000.0,200000.0,2012
CHV,Bowen,Tristan,F,100000.0,131363.63,2012
POR,Boyd,Kris,F,1250000.0,1515000.0,2012
LA,Boyens,Andrew,D,62500.0,65783.33,2012
POR,Braun,Frederick,M,44000.0,44000.0,2012
RSL,Braun,Justin,F,102000.0,104500.0,2012
NE,Brettschneider,Blake,F,33756.0,33756.0,2012
MTL,Brovsky,Jeb,M,33750.0,33750.0,2012
HOU,Bruin,Will,F,90000.0,135000.0,2012
POR,Brunner,Eric,D,100000.0,100625.0,2012
LA,Buddle,Edson,F,225000.0,225000.0,2012
KC,Bunbury,Teal,F,100000.0,198000.0,2012
SEA,Burch,Marc,D,65000.0,65000.0,2012
CHV,Burling,Bobby,D,48000.0,51333.33,2012
SJ,Busch,Jon,GK,155004.0,166337.33,2012
MTL,Bush,Evan,GK,44000.0,44000.0,2012
NY,Cahill,Tim,M,3499999.92,3624999.92,2012
CHV,Califf,Danny,D,275000.0,275000.0,2012
MTL,Camara,Hassoun,D/M,75000.0,75000.0,2012
HOU,Camargo,Luiz,M,192000.0,202000.0,2012
TOR,Cann,Adrian,D,126000.0,134750.0,2012
VAN,Cannon,Joe,GK,166250.0,175666.67,2012
NE,Cardenas,Fernando,M/F,99996.0,99996.0,2012
CHV,Cardozo,Paolo,M,70000.0,81250.0,2012
HOU,Carr,Calen,F,78554.0,82804.0,2012
SEA,Carrasco,Servando,M,44100.0,44100.0,2012
PHI,Carroll,Brian,M,168000.0,168000.0,2012
COL,Cascio,Tony,M,44000.0,77750.0,2012
COL,Casey,Conor,F,400000.0,400000.0,2012
SEA,Caskey,Alex,M,33756.0,33756.0,2012
DAL,Castillo,Fabian,F,50000.0,56250.0,2012
COL,Castrillon,Jaime,M,50000.0,68375.0,2012
SEA,Cato,Cordell,F,44000.0,44000.0,2012
KC,Cesar,Julio,D,252000.0,255750.0,2012
COL,Ceus,Steward,GK,44100.0,44100.0,2012
DC,Chabala,Michael,M,75000.0,83333.33,2012
POR,Chara,Diego,M,150000.0,193750.0,2012
SJ,Chavez,Marvin,M,150000.0,150000.0,2012
HOU,Ching,Brian,F,192000.0,236000.0,2012
HOU,Clark,Colin,M,105427.0,110427.0,2012
HOU,Clark,Ricardo,M,260000.04,293750.04,2012
VAN,Clarke,Caleb,F,44000.04,44000.04,2012
KC,Collin,Aurelien,D,210000.0,216250.0,2012
NY,Conde,Wilman,D,125000.0,141666.67,2012
KC,Convey,Bobby,M,200000.0,215000.0,2012
NY,Cooper,Kenny,F,275000.0,292500.0,2012
TOR,Cordon,Oscar,M,44000.0,44000.0,2012
SJ,Corrales,Ramiro,M,173250.0,183875.0,2012
CHV,Correa,Jose Erik,F,48000.0,48000.0,2012
CHV,Courtois,Laurent,M,120000.0,120000.0,2012
HOU,Creavalle,Warren,D,44000.0,44000.0,2012
SJ,Cronin,Sam,M,71156.25,119156.25,2012
PHI,Cruz,Danny,M,100000.0,106500.0,2012
COL,Cummings,Omar,F,81999.96,95999.96,2012
PHI,Daniel,Keon,M,55000.0,59410.0,2012
POR,Danso,Mamdou,D,82500.0,82500.0,2012
VAN,Davidson,Jun Marques,M,67500.0,71136.67,2012
HOU,Davis,Brad,M,265000.0,312062.5,2012
SJ,Dawkins,Simon,M,50000.0,50000.0,2012
DAL,de Guzman,Julian,M,1863996.0,1910746.0,2012
LA,DeLaGarza,AJ,D,90000.0,112500.0,2012
DC,Deleon,Nick,M,44000.0,79000.0,2012
CHV,Delgado,Marco,M,44000.0,46500.0,2012
VAN,DeMerit,Jay,D,300000.0,350000.0,2012
HOU,Deric,Tyler,GK,44100.0,44100.0,2012
DC,DeRosario,Dwayne,M,617857.2,663190.53,2012
MTL,Di Vaio,Marco,F,1000008.0,1937508.0,2012
NY,Digao,Rodrigo,D,90000.0,90000.0,2012
POR,Dike,Bright,F,55000.0,57937.5,2012
HOU,Dixon,Alex,M,47250.0,52250.0,2012
LA,Donovan,Landon,F,2400000.0,2400000.0,2012
DC,Dudar,Emiliano,D,225000.0,238333.33,2012
CLB,Duka,Dilaver,M,110000.0,243000.0,2012
TOR,Dunfield,Terry,M,86000.0,86000.0,2012
LA,Dunivant,Todd,D,140000.0,146750.0,2012
SEA,Duran,Andrew,D,33750.0,33750.0,2012
KC,Dwyer,Dom,F,60000.0,72500.0,2012
DC,Dykstra,Andrew,GK,44004.0,44004.0,2012
TOR,Eckersley,Richard,D,210000.0,390000.0,2012
KC,Ellis,Kevin,D,44000.0,44750.0,2012
TOR,Emory,Logan,D,44000.0,44000.0,2012
RSL,Espindola,Fabian,F,125000.0,125000.0,2012
KC,Espinoza,Roger,M,125000.0,158750.0,2012
SEA,Estrada,David,F,44000.0,44000.0,2012
SEA,Evans,Brad,F,145475.0,159225.0,2012
NE,Fagundez,Diego,F,55000.0,56000.0,2012
PHI,Farfan,Gabriel,M,46200.0,46200.0,2012
PHI,Farfan,Michael,M,57200.0,94700.0,2012
NE,Feilhaber,Benny,M,400000.0,446000.0,2012
CHI,Fernandez,Alvaro,M,300000.0,366666.67,2012
RSL,Fernandez,Eduardo,GK,33750.0,33750.0,2012
MTL,Ferrari,Matteo,D,130000.0,185475.0,2012
DAL,Ferreira,David,M-F,600000.0,705000.0,2012
CLB,Finlay,Ethan,F,44000.0,59000.0,2012
SEA,Ford,Josh,GK,44000.0,44000.0,2012
CHI,Franco,Guillermo,F,174000.0,174000.0,2012
LA,Franklin,Sean,D,205000.0,228333.33,2012
COL,Freeman,Hunter,D,105000.0,110792.5,2012
TOR,Frei,Stefan,GK,120000.0,175000.0,2012
CHI,Friedrich,Arne,D,175000.0,230833.33,2012
TOR,Frings,Torsten,M,2000000.0,2413666.67,2012
POR,Fucito,Michael,MF,44100.0,44100.0,2012
PHI,Gaddis,Raymon,D,33750.0,33750.0,2012
HOU,Garcia,Oscar,F,120000.0,151250.0,2012
LA,Garcia,Rafael,M,33750.0,33750.0,2012
MTL,Gardner,Joshua,M,54120.0,54120.0,2012
CHI,Gargan,Daniel,M,88000.0,88000.0,2012
SJ,Garza,Sam,M,65000.0,91500.0,2012
NY,Gaudette,Bill,GK,60000.0,63255.0,2012
LA,Gaul,Bryan,F,33750.0,33750.0,2012
CLB,Gaven,Eddie,M-F,190000.0,195000.0,2012
NE,Gavin,Blair,M,60000.0,80000.0,2012
CLB,Gehrig,Eric,M,44000.0,44000.0,2012
CLB,George,Kevan,M,33750.0,33750.0,2012
CHI,Gibbs,Cory,D,165000.0,165000.0,2012
RSL,Gil,Luis,M,101531.0,196614.33,2012
SJ,Gjertsen,Joey,M,85000.0,93625.0,2012
POR,Gleeson,Jake,GK,62500.0,66125.78,2012
PHI,Gomez,Gabriel,M,275000.0,294702.5,2012
DAL,Goncalves,Jackson,D,120000.0,141375.0,2012
SEA,Gonzalez,Leonardo,D,125000.0,125000.0,2012
LA,Gonzalez,Omar,D,180000.0,257000.0,2012
SJ,Gordon,Alan,F,110000.0,120000.0,2012
RSL,Grabavoy,Ned,M,120000.0,126666.67,2012
CHI,Grazzini,Sebastian,M,50400.0,50400.0,2012
CLB,Grossman,Cole,M,44100.0,44100.0,2012
CLB,Gruenebaum,Andy,GK,77000.0,78666.67,2012
SEA,Gspurning,Michael,GK,200000.0,275000.0,2012
DAL,Guarda,Bruno,M,60000.0,75000.0,2012
CHI,Gulley,Kellen,F,55000.0,69000.0,2012
SJ,Guvenisik,Sercan,F,90000.0,103333.33,2012
NE,Guy,Ryan,F,44100.0,44100.0,2012
SEA,Hahnemann,Marcus,GK,60000.0,60000.0,2012
HOU,Hainault,Andrew,D,150000.0,163125.0,2012
TFC,Hall,Frederick,GK,44004.0,44004.0,2012
TOR,Hall,Jeremy,M,100000.0,149000.0,2012
HOU,Hall,Tally,GK,120000.0,129375.0,2012
DC,Hamid,Bill,GK,70000.0,84750.0,2012
TOR,Harden,Ty,D,90000.0,98666.67,2012
KC,Harrington,Michael,M-D,125000.0,151833.33,2012
VAN,Harris,Atiba,M-F,150000.0,158275.0,2012
PHI,Harrison,Chase,GK,44000.04,44000.04,2012
DAL,Hartman,Kevin,GK,165000.0,185000.0,2012
VAN,Harvey,Jordan,D,100000.0,100000.0,2012
TOR,Hassli,Eric,F,550000.0,790000.0,2012
DAL,Hedges,Matt,D,44000.0,59000.0,2012
KC,Hedrick,Cyprian,M,33756.0,33756.0,2012
CLB,Heinemann,Tommy,F,47250.0,47250.0,2012
TOR,Henry,Doneil,D,44100.0,45100.0,2012
NY,Henry,Thierry,F,5000000.0,5600000.0,2012
PHI,Hernandez,Cristhian,M,52500.0,54375.0,2012
DAL,Hernandez,Daniel,M-D,75000.0,75000.0,2012
SJ,Hernandez,Jason,D,175000.0,175000.0,2012
DAL,Hernandez,Moises,D,33756.0,35381.0,2012
NY,Hertzog,Corey,F,75000.0,103500.0,2012
CLB,Hesmer,William,GK,170000.0,181000.0,2012
CLB,Higuain,Federico,M-F,160000.0,324000.0,2012
COL,Hill,Kamani,M,44004.0,44004.0,2012
PHI,Hoffman,Chandler,F,65000.0,91000.0,2012
POR,Hogg,Ian,D,44000.04,44000.04,2012
NY,Holgersson,Markus,D,190000.0,190000.0,2012
PHI,Hoppenot,Antoine,F,44000.0,44000.0,2012
POR,Horst,David,D,65000.0,65000.0,2012
CLB,Horton,Aaron,F,55000.0,70500.0,2012
SEA,Hurtado,John Kennedy,D,160000.0,161000.0,2012
SJ,Hustedt,Jacob,M,33756.0,33756.0,2012
SEA,Ianni,Patrick,D,89303.0,89303.0,2012
MTL,Iapichino,Dennis,D,102000.0,102000.0,2012
DAL,Ihemelu,Ugo,D,190000.0,190000.0,2012
NE,Imbongo,Dmitry,F,69999.96,79874.96,2012
CHV,Iraheta,Marvin,M,33750.0,33750.0,2012
DAL,Jacobson,Andrew,M,87500.0,100000.0,2012
DC,Jakovic,Dejan,D,208000.0,228043.0,2012
MTL,James,Evan,M,33750.0,33750.0,2012
CLB,James,Julius,D,100000.0,100000.0,2012
DAL,Jara,Matias,F,60000.0,60000.0,2012
CHV,Jazic,Ante,D,117500.0,117500.0,2012
POR,Jean-Baptiste,Andrew,D,60000.0,75000.0,2012
POR,Jewsbury,Jack,D,180000.0,189750.0,2012
LA,Jimenez,Hector,M,44000.0,44000.0,2012
SEA,Johansson,Adam,D,175000.0,182833.33,2012
DAL,John,George,D,47250.0,47250.0,2012
SEA,Johnson,Eddie,F,100000.0,106333.33,2012
TOR,Johnson,Ryan,M,137813.0,137813.0,2012
CHI,Johnson,Sean,GK,90000.0,123000.0,2012
RSL,Johnson,Will,F,243750.0,243750.0,2012
LA,Jordan,Bryan,F,55000.0,55000.0,2012
PHI,Jordan,Greg,M,44000.0,44000.0,2012
KC,Joseph,Peterson,M,44100.0,44100.0,2012
CHV,Joseph,Shalrie,M,495000.0,554333.33,2012
COL,Joyce,Ian,GK,44004.0,44004.0,2012
CHI,Jumper,Hunter,D,33750.0,33750.0,2012
LA,Juninho,,M,50000.0,65625.0,2012
KC,Kamara,Kei,F,210000.0,212500.0,2012
HOU,Kandji,Macoumba,F,135000.0,162988.37,2012
POR,Kawulok,Ryan,M,33750.0,33750.0,2012
LA,Keane,Robbie,F,2917241.0,3417242.75,2012
LA,Keat,Daniel,M,46200.0,68700.0,2012
NY,Keel,Stephen,D,65000.0,65000.0,2012
KC,Kempin,Jonathan,GK,46500.0,53583.33,2012
CHV,Kennedy,Dan,GK,175000.0,175000.0,2012
POR,Kimura,Kosuke,D,71466.0,71466.0,2012
DC,King,Stephen,M,65000.0,67500.0,2012
CHI,Kinney,Steven,D,44100.0,44100.0,2012
DC,Kitchen,Perry,D,85500.0,170950.0,2012
VAN,Klazura,Greg,D,33750.0,33750.0,2012
COL,Klute,Chris,D,33750.0,33750.0,2012
VAN,Knighton,Brad,GK,55000.0,55000.0,2012
TOR,Kocic,Milos,GK,44100.0,44100.0,2012
TOR,Koevermans,Danny,F,1150000.0,1563323.33,2012
VAN,Koffie,Gershon,M,90000.0,92500.0,2012
PHI,Konopka,Chris,GK,44000.0,44000.0,2012
DC,Korb,Chris,D,44100.0,44100.0,2012
KC,Kronberg,Eric,GK,69850.0,69850.0,2012
CHV,LaBrocca,Nick,M,95288.0,97788.0,2012
NY,Lade,Connor,D,33750.0,33750.0,2012
PHI,Lahoud,Michael,M,75196.0,84571.0,2012
TOR,Lambe,Reggie,M,60000.0,62500.0,2012
CLB,Lampson,Matt,GK,44000.0,44000.0,2012
COL,Larentowicz,Jeff,D,200000.0,206000.0,2012
NY,Le Toux,Sebastian,M,145000.0,169000.0,2012
NE,Lechner,Florian,D,44004.0,48104.0,2012
DAL,Lee,Alex,D,33756.0,33756.0,2012
SJ,Lenhart,Steven,F,180000.0,187500.0,2012
DAL,Leyva,Bryan,M,60000.0,75833.33,2012
NY,Lindpere,Joel,M,170000.0,195000.0,2012
TOR,Lindsay,Nicholas,F,44100.0,45100.0,2012
LA,Lopes,David Junior,D,47250.0,47250.0,2012
PHI,Lopez,Porfirio,D,120000.0,125087.5,2012
DAL,Loyd,Zach,M,73975.0,118600.0,2012
DAL,Luna,Ruben,F,60000.0,84791.67,2012
CHI,MacDonald,Sherjill,F,360000.0,487125.0,2012
PHI,MacMath,Zac,GK,90000.0,135000.0,2012
LA,Magee,Mike,F,124135.0,126635.0,2012
TOR,Makubuya,Keith,F,44000.0,44000.0,2012
MTL,Mallace,Calum,M,44000.0,59000.0,2012
RSL,Mansally,Kenny,F,33750.0,35750.0,2012
MTL,Mapp,Justin,M,210000.0,218333.33,2012
DAL,Marcelin,James,M,44000.04,44000.04,2012
KC,Markovic,Neven,D,90000.0,90000.0,2012
NY,Marquez,Rafael,D,4600000.0,4600000.0,2012
HOU,Marscheider,Erich,GK,33750.0,33750.0,2012
CLB,Marshall,Chad,D,310000.0,341250.0,2012
COL,Marshall,Tyrone,D,90000.0,93250.0,2012
RSL,Martinez,Enzo,M,65000.0,91000.0,2012
PHI,Martinez,Josue,F,65000.0,71062.5,2012
SEA,Martinez,Mario,M,48000.0,48000.0,2012
MTL,Martins,Felipe,M,120000.0,120000.0,2012
COL,Mastroeni,Pablo,M-D,240000.0,245000.0,2012
VAN,Mattocks,Darren,F,100000.0,192000.0,2012
TOR,Maund,Aaron,D,44000.0,59000.0,2012
LA,McBean,Jack,F,70000.0,91000.0,2012
NE,McCarthy,Stephen,M,51700.0,82950.0,2012
NY,McCarty,Dax,M,174375.0,194375.0,2012
DC,McDonald,Brandon,M,220000.0,258250.0,2012
PHI,McInerney,Jack,F,76000.0,140166.67,2012
CHV,McKenzie,Rauwshan,D,44000.0,44000.0,2012
CHV,McLain,Patrick,GK,33750.0,33750.0,2012
PHI,McLaughlin,James,M,48000.0,57000.0,2012
NY,Meara,Ryan,GK,33750.0,33750.0,2012
CHV,Melia,Tim,GK,44000.0,44000.0,2012
CLB,Mendes,Carlos,D,103084.0,106209.0,2012
CLB,Meram,Justin,F,46200.0,70575.0,2012
SEA,Meredith,Bryan,GK,33750.0,33750.0,2012
LA,Meyer,Tommy,D,44000.0,57750.0,2012
VAN,Miller,Kenny,F,1221816.0,1239316.0,2012
KC,Miller,Kyle,M,33750.0,33750.0,2012
NY,Miller,Roy,M,112495.5,112495.5,2012
CHV,Minda,Oswaldo,M,50000.0,68750.0,2012
CLB,Miranda,Sebastian,D,135000.0,140000.0,2012
CLB,Mirosevic,Milovan,M/F,200000.0,223333.33,2012
VAN,Mitchell,Carlyle,D,44100.0,44100.0,2012
HOU,Moffat,Adam,M,59535.0,59535.0,2012
MTL,Montano,Miguel,F,33750.0,33750.0,2012
SEA,Montero,Fredy,F,600000.0,756000.0,2012
COL,Moor,Drew,D,200004.0,212004.0,2012
RSL,Morales,Javier,M,425000.0,477500.0,2012
CHV,Moreno,Alejandro,F,185000.0,195000.0,2012
TOR,Morgan,Ashtone,D,44000.0,56000.0,2012
SJ,Morrow,Justin,D,102000.0,111562.5,2012
POR,Mosquera,Hanyer,D,75000.0,97500.0,2012
COL,Mullan,Brian,M,152000.0,160335.0,2012
RSL,Muniz,Nico,M,33750.0,35750.0,2012
NE,Murray,Tim,GK,44100.0,44100.0,2012
POR,Mwanga,Danny,F,250000.0,356250.0,2012
KC,Myers,Chance,D-M,86000.0,101666.67,2012
KC,Nagamura,Paulo,M,250000.0,255500.0,2012
POR,Nagbe,Darlington,M/F,90000.0,226000.0,2012
DC,Najar,Andy,M-F,150000.0,180800.0,2012
LA,Nakazawa,Kyle,M,51150.0,51150.0,2012
VAN,Nanchoff,Michael,M,66000.0,101000.0,2012
COL,Nane,Joseph,M,44100.0,44100.0,2012
MTL,Neagle,Lamar,M,44000.0,44000.0,2012
DC,Neal,Lewis,M,44004.0,47004.0,2012
MTL,Nesta,Alessandro,D,180000.0,225000.0,2012
SJ,Newton,Evan,GK,33756.0,33756.0,2012
NE,Nguyen,Lee,M/F,44000.0,50500.0,2012
KC,Nielsen,Jimmy,GK,200000.0,220000.0,2012
CHI,Nolly,Jay,GK,78250.0,78250.0,2012
LA,Noonan,Pat,F,70000.0,70000.0,2012
CHI,Nyarko,Patrick,F,200000.0,219500.0,2012
NE,Nyassi,Sainey,M,84000.0,90750.0,2012
MTL,Nyassi,Sanna,M,125000.0,132625.0,2012
VAN,O'Brien,Andy,D,150000.0,192250.0,2012
SEA,Ochoa,Sammy,F,55000.0,57500.0,2012
TFC,O'Dea,Darren,D,330000.0,436250.0,2012
CHI,Oduro,Dominic,F,106880.0,108880.0,2012
PHI,Okugo,Amobi,M,90000.0,173000.0,2012
RSL,Olave,Jamison,D,200000.0,250000.0,2012
KC,Olum,Lawrence,M/D,44100.0,44100.0,2012
COL,O'Neill,Shane,M,44004.0,55504.0,2012
SJ,Opara,Ike,D,100000.0,185900.0,2012
CLB,O'Rourke,Danny,D,133100.0,145600.0,2012
MTL,Ouimette,Karl,D,33750.0,33750.0,2012
HOU,Ownby,Brian,M,44000.0,44000.0,2012
DC,Pajoy,Lionard,F,180000.0,195000.0,2012
CHI,Paladini,Daniel,M,82500.0,86978.25,2012
COL,Palguta,Scott,D,63670.0,63670.0,2012
POR,Palmer,Lovel,M,85000.0,96250.0,2012
NY,Palsson,Victor,M,80000.0,95000.0,2012
CHI,Pardo,Pavel,M,250000.0,250000.0,2012
SEA,Parke,Jeff,D,185325.0,185325.0,2012
CHI,Pause,Logan,M,170000.0,187833.33,2012
NY,Pearce,Heath,D,292499.0,301999.0,2012
DAL,Perez,Blas,F,285000.0,309250.0,2012
LA,Perk,Brian,GK,76000.0,110100.0,2012
MTL,Perkins,Troy,GK,190000.0,201833.33,2012
DAL,Pertuz,Hernan,D,84000.0,84000.0,2012
KC,Peterson,Jacob,F,81000.0,85833.33,2012
PHI,Pfeffer,Zach,M,60000.0,70000.0,2012
COL,Pickens,Matt,GK,178538.0,181038.0,2012
CHI,Pineda,Victor,M,44100.0,50842.42,2012
SJ,Pizarro,Cesar,F,33756.0,33756.0,2012
TOR,Plata,Joao,F,50000.0,50000.0,2012
NE,Polak,Tyler,D,60000.0,73000.0,2012
DC,Pontius,Chris,M-F,155000.0,166250.0,2012
CHI,Puppo,Federico,F,100000.0,100000.0,2012
NE,Purdie,Alec,F,33756.0,33756.0,2012
POR,Purdy,Steve,D,44000.0,44000.0,2012
NE,Reis,Matt,GK,157000.0,159666.67,2012
POR,Renken,Charles,M,33750.0,33750.0,2012
CLB,Renteria,Emilio,F,132000.0,133875.0,2012
RSL,Reynish,Kyle,GK,66000.0,74304.0,2012
LA,Ribeiro Da Silva,Leonardo,D,90000.0,131250.0,2012
POR,Richards,Brent,F,62500.0,70867.29,2012
VAN,Richards,Dane,M-F,170000.0,181500.0,2012
POR,Ricketts,Donovan,GK,250000.0,275000.0,2012
CHV,Riley,James,D,120000.0,125750.0,2012
RSL,Rimando,Nick,GK,170000.0,178250.0,2012
POR,Rincon,Sebastian,F,33750.0,33750.0,2012
SJ,Ring,Brad,M,44100.0,44100.0,2012
MTL,Rivas,Nelson,D,50000.0,50000.0,2012
COL,Rivero,Martin,M,50004.0,50004.0,2012
NE,Roach,Michael,F,33756.0,33756.0,2012
CHI,Robayo,Rafael,M,100000.0,132500.0,2012
TOR,Roberts,Quillan,GK,33750.0,33750.0,2012
NY,Robles,Luis,GK,44000.04,46500.04,2012
VAN,Robson,Barry,M,439999.92,596499.92,2012
VAN,Rochat,Alain,D,170000.0,170000.0,2012
DAL,Rodriguez,Carlos,D,55008.0,64383.0,2012
CHI,Rolfe,Chris,F,174996.0,198329.33,2012
HOU,Rolfe,Colin,F,44000.0,59000.0,2012
CHV,Romero,Cesar,F,33750.0,33750.0,2012
SEA,Rosales,Mauro,M,200000.0,225000.0,2012
SEA,Rose,Andy,M,33756.0,33756.0,2012
KC,Rosell,Oriol,M,90000.0,98750.0,2012
LA,Rowe,Brian,GK,33750.0,33750.0,2012
NE,Rowe,Kelyn,M,75000.0,156000.0,2012
DC,Rozeboom,Lance,M,33756.0,33756.0,2012
DC,Russell,Robbie,D-M,107000.0,109919.31,2012
NY,Ruthven,Tyler,D,33750.0,33750.0,2012
KC,Saad,Soony,F,44000.0,44000.0,2012
RSL,Saborio,Alvaro,F,350000.0,405625.0,2012
VAN,Salgado,Omar,F,90000.0,131868.67,2012
DC,Salihi,Hamdi,F,305460.0,487460.0,2012
SJ,Salinas,Shea,M,82000.0,87975.08,2012
NY,Sam,Lloyd,F,120000.0,140250.0,2012
DAL,Sanchez,Richard,GK,44000.0,45000.0,2012
DC,Santos,Maicon,F,106400.0,113833.33,2012
VAN,Sanvezzo,Camilo,F,200000.0,237500.0,2012
KC,Sapong,CJ,F,65000.0,82000.0,2012
DC,Saragosa,Marcelo,M,70000.0,74333.33,2012
HOU,Sarkodie,Kofi,D,90000.0,135500.0,2012
LA,Sarvas,Marcelo,M,135000.0,161875.0,2012
,Sassano,Luke,M-D,81000.0,83025.0,2012
LA,Saunders,Josh,GK,74545.0,77678.75,2012
COL,Schmidt,Luis Eduardo,M-F,120000.0,139458.33,2012
CLB,Schoenfeld,Aaron,F,33750.0,33750.0,2012
RSL,Schuler,Chris,D,44000.0,44000.0,2012
SEA,Scott,Zach,D,46314.0,46314.0,2012
DAL,Sealy,Scott,F,50004.0,50004.0,2012
SEA,Seamon,Michael,M,33750.0,33750.0,2012
RSL,Sebastian,Juan,M,33750.0,33750.0,2012
MTL,Sebrango,Eduardo,F,44000.0,44000.0,2012
CHI,Segares,Gonzalo,D,210000.0,217750.0,2012
DAL,Seitz,Chris,GK,75000.0,75000.0,2012
NE,Sene,Saer,F,138000.0,148843.79,2012
DC,Shanosky,Conor,D,70000.0,84218.83,2012
POOL,Sharpe,Chris,GK,44100.0,44100.0,2012
DAL,Shea,Brek,M-D,310000.0,354000.0,2012
NE,Shuttleworth,Robert,GK,44100.0,44100.0,2012
TOR,Silva,Luis,M,44000.0,79000.0,2012
NE,Simms,Clyde,M,75000.0,78333.33,2012
KC,Sinovic,Seth,M-D,60000.0,66750.0,2012
COL,Smith,Jamie,M,148992.0,158992.0,2012
CHV,Smith,Ryan,M-F,160000.0,205666.67,2012
POR,Smith,Steven,D,108000.0,120500.0,2012
NE,Soares,AJ,D,76450.0,116450.0,2012
SEA,Sodade,Babayele,F,33756.0,33756.0,2012
NY,Solli,Jan Gunnar,M,185000.0,185000.0,2012
POR,Songo'o,Franck,M,70000.0,70000.0,2012
HOU,Soto,Josue,M,33750.0,38750.0,2012
PHI,Soumare,Bakary,D,240000.0,280000.0,2012
POOL,Spangler,Steve,GK,33750.0,33750.0,2012
CLB,Speas,Ben,F,58000.0,58000.0,2012
RSL,Steele,Jonny,M,44000.0,47562.5,2012
LA,Stephens,Michael,M,72050.0,93300.0,2012
SJ,Stephenson,Khari,M,190000.0,203333.33,2012
SEA,Steres,Daniel,D,33750.0,33750.0,2012
TOR,Stinson,Matthew,M,44000.0,44000.0,2012
HOU,Sturgis,Nathan,D-M,89250.0,93500.0,2012
MTL,Sutton,Greg,GK,65000.0,65000.0,2012
VAN,Sylvestre,Brian,GK,33750.0,33750.0,2012
NY,Tainio,Teemu,M,200000.0,205000.0,2012
DC,Tan,Long,F,44000.0,44000.0,2012
POR,Taylor,Christopher,D,33750.0,33750.0,2012
HOU,Taylor,Jermaine,D,60375.0,65375.0,2012
CLB,Tchani,Tony,M,105000.0,209000.0,2012
VAN,Teibert,Russell,M,55000.0,60600.0,2012
SEA,Tetteh,Michael,M,66000.0,83663.06,2012
COL,Thomas,Hendry,M,187800.0,197800.0,2012
KC,Thomas,Michael,M,55000.0,57963.21,2012
MTL,Thomas,Shavar,D,80000.0,94666.67,2012
CHI,Thompson,Wells,M,87188.0,95313.0,2012
VAN,Thorrington,John,M,170000.0,170000.0,2012
NE,Tierney,Chris,D-M,73125.0,74791.67,2012
SEA,Tiffert,Christian,M,600000.0,625000.0,2012
NE,Toja,Juan,M-F,180000.0,200000.0,2012
DAL,Top,Jonathan,F,44100.0,44100.0,2012
CHI,Tornaghi,Paolo,GK,33750.0,33750.0,2012
PHI,Torres,Roger,M,116160.0,119285.0,2012
CHV,Townsend,Casey,F,44000.0,79000.0,2012
SJ,Tracy,Marcus,F,44000.04,44000.04,2012
MTL,Ubiparipovic,Sinisa,M,55000.0,55000.0,2012
VAN,Ulisses,Tiago,M,90000.0,103852.5,2012
DAL,Ulloa,Victor,M,44000.0,46500.0,2012
CHV,Vagenas,Peter,M,70000.0,85000.0,2012
PHI,Valdes,Carlos,D,268000.0,268000.0,2012
CHV,Valencia,John,D,50000.0,50000.0,2012
POR,Valencia,Jose Adolfo,F,44000.0,44000.0,2012
MTL,Valentin,Zarek,D,90000.0,142000.0,2012
CLB,Vargas,Olman,F,170000.0,175000.0,2012
RSL,Viana,David Junior,M,44000.04,47450.04,2012
CHI,Videira,Michael,M,44100.0,44725.0,2012
LA,Vilhelmsson,Christian,F,168000.0,190650.0,2012
CHV,Villafana,Jorge,F,66000.0,67666.67,2012
DAL,Villar,Ricardo,M,80004.0,80004.0,2012
LA,Villareal,Joseph,M,33750.0,35625.0,2012
CLB,Vukovich,Nemanja,D,108000.0,125500.0,2012
NY,Vuolo,Jeremy,GK,44000.0,44000.0,2012
COL,Wahl,Tyson,D,65000.0,86086.67,2012
LA,Walker,Kenney,M,33750.0,33750.0,2012
COL,Wallace,Anthony,D-M,63394.0,63394.0,2012
POR,Wallace,Rodney,M-D,110000.0,159000.0,2012
CHI,Walls,Tony,M,33750.0,33750.0,2012
SJ,Ward,Tim,D,65000.0,65000.0,2012
MTL,Warner,Collen,M-F,46725.0,60475.0,2012
DAL,Warshaw,Bobby,D,46200.0,57450.0,2012
KC,Warzycha,Konrad,M,33750.0,33750.0,2012
VAN,Watson,Matt,M,65000.0,68501.98,2012
HOU,Watson,Je-Vaughn,M,95000.0,111875.0,2012
RSL,Watson-Siriboe,Kwame,D,48400.0,48400.0,2012
HOU,Weaver,Cam,F,98175.0,106425.0,2012
SEA,Weber,Andrew,GK,51996.0,58445.93,2012
MTL,Wenger,Andrew,D/F,100000.0,202000.0,2012
DC,White,Ethan,D,70000.0,86000.0,2012
,White,Jeremiah,M,44004.0,44004.0,2012
SEA,White,O'Brian,F,110000.0,110000.0,2012
TOR,Wiedeman,Andrew,F,80000.0,123000.0,2012
TOR,Williams,Dicoy,D,52500.0,52500.0,2012
CLB,Williams,Josh,D,44100.0,44100.0,2012
PHI,Williams,Sheanon,F,85000.0,90500.0,2012
DC,Willis,Joe,GK,44100.0,44100.0,2012
RSL,Wingert,Chris,D,145000.0,145000.0,2012
PHI,Witkowski,Krystian,F,44000.04,44000.04,2012
DC,Wolff,Josh,F,80004.0,80004.0,2012
SJ,Wondolowski,Chris,M,300000.0,300000.0,2012
DC,Woolard,Daniel,D,56250.0,56250.0,2012
COL,Wynne,Marvell,D,250000.0,326666.67,2012
VAN,Young-Pyo,Lee,D,140000.0,174200.0,2012
SEA,Zakuani,Steve,F,110000.0,208000.0,2012
COL,Zapata,Luis,D,65460.0,69043.33,2012
SJ,Zayner,Jed,D,60000.0,61666.67,2012
CHV,Zemanski,Ben,M,57690.0,60190.0,2012
POR,Zizzo,Sal,F,73125.0,81414.06,2012
KC,Zusi,Graham,F-M,105000.0,138812.5,2012
VAN,Abdallah,Aminu,M,46500.0,46500.0,2013
DAL,Acosta,Kellyn,M,46500.0,70500.0,2013
VAN,Adekugbe,Samuel,D,46500.0,51500.0,2013
TOR,Agbossoumonde,Gale,D,46500.0,53166.67,2013
NE,Agudelo,Juan,F,145000.0,175000.0,2013
NY,Akpan,Andre,F,67595.0,67595.0,2013
SJ,Alas,Jaime,M,90000.0,91250.0,2013
PHI,Albright,Chris,D,75000.0,75000.0,2013
VAN,Alderson,Bryce,M,65000.0,80000.0,2013
CHI,Alex,,M,110000.0,119950.0,2013
NY,Alexander,Eric,M,70867.5,70867.5,2013
POR,Alhassan,Kalif,M,80000.0,89250.0,2013
SEA,Alonso,Osvaldo,M,210000.0,210000.0,2013
NE,Alston,Kevin,D,145000.0,194000.0,2013
CHV,Alvarez,Carlos,M,46500.0,81500.0,2013
RSL,Alvarez,Yordany,M,46500.0,46500.0,2013
CHI,Amarikwa,Quincy,F,46500.0,46500.0,2013
CHI,Anangono,Juan Luis,F,120000.0,120000.0,2013
PHI,Anding,Don,F,35125.0,35125.0,2013
CHI,Anibaba,Jalil,D,91245.0,131245.0,2013
CLB,Anor,Bernardo,M,46500.0,46500.0,2013
CHV,Antunez,Daniel,M,65000.0,72500.0,2013
TOR,Aparicio,Manuel,M,35125.0,35125.0,2013
,Araujo Jr.,Paulo,F,60000.0,60000.0,2013
HOU,Arena,Anthony,D,35125.0,35125.0,2013
COL,Armstrong,David,M,46500.0,55964.29,2013
MTL,Arnaud,Davy,M,275000.0,290000.0,2013
CLB,Arrieta,Jairo,F,216000.0,225375.0,2013
HOU,Ashe,Corey,M,101250.0,105750.0,2013
CHI,Atouba,Yazid,F,46500.0,51500.0,2013
SJ,Attakora,Nana,D,61665.0,61665.0,2013
RSL,Attinella,Jeff,GK,46500.0,46500.0,2013
CHV,Avila,Eric,M,100000.0,120000.0,2013
SJ,Baca,Rafael,M,49500.0,49500.0,2013
DAL,Baladez,Bradlee,F,35125.0,36125.0,2013
RSL,Balchan,Rich,D,35125.0,35125.0,2013
SJ,Ballouchy,Mehdi,M,152006.0,152006.0,2013
NY,Barklage,Brandon,M,65000.0,71428.54,2013
NE,Barnes,Darrius,D,71467.0,72717.0,2013
HOU,Barnes,Giles,M,175000.0,184187.5,2013
CHI,Barouch,Orr,F,46500.0,46500.0,2013
NE,Barrett,Chad,F,105000.0,110709.17,2013
CLB,Barson,Chad,D,46500.0,46500.0,2013
SEA,Bates,Will,F,35125.0,35125.0,2013
RSL,Beckerman,Kyle,M,300000.0,328750.0,2013
CLB,Beckie,Drew,D,35125.0,35125.0,2013
SJ,Beitashour,Steven,D,49612.5,49612.5,2013
TOR,Bekker,Kyle,M,46500.0,72750.0,2013
RSL,Beltran,Anthony,D,166800.0,166800.0,2013
TOR,Bendik,Joe,GK,46500.0,46500.0,2013
NE,Bengtson,Jerry,F,132000.0,138840.0,2013
DAL,Benitez,Jair,D,90000.0,90000.0,2013
MTL,Bernardello,Hernan,M,250008.0,250008.0,2013
SJ,Bernardez,Victor,D,100008.0,100008.0,2013
MTL,Bernier,Patrice,F-M,143000.0,162333.25,2013
CHI,Berry,Austin,D,63425.0,78425.0,2013
CLB,Berti,Glauber,D,215000.0,263333.33,2013
KC,Besler,Matt,D,180000.0,180000.0,2013
KC,Bessone,Federico,D,46500.0,46500.0,2013
KC,Bieler,Claudio,F,200000.0,200000.0,2013
SJ,Bingham,David,GK,78100.0,122475.0,2013
TOR,Bloom,Mark,D,46500.0,46500.0,2013
CHV,Bocanegra,Carlos,D,228000.0,261333.33,2013
CHI,Bone,Corben,M,46500.0,49000.0,2013
HOU,Boniek Garcia,Oscar,F,130000.0,161250.0,2013
RSL,Borchers,Nat,D,200004.0,211972.75,2013
CHV,Borja,Carlos,D,46500.0,46500.0,2013
HOU,Boswell,Bobby,D,220000.0,220000.0,2013
NY,Bover,Ruben,M,35125.0,35125.0,2013
CHV,Bowen,Tristan,F,125000.0,156363.63,2013
TOR,Braun,Justin,F,112200.0,114700.0,2013
MTL,Brovsky,Jeb,M,80000.0,84000.0,2013
COL,Brown,Deshorn,F,65000.0,113000.0,2013
HOU,Bruin,Will,F,120000.0,165000.0,2013
HOU,Brunner,Eric,D,120000.0,120625.0,2013
COL,Buddle,Edson,F,275000.0,275000.0,2013
KC,Bunbury,Teal,F,110000.0,208000.0,2013
SEA,Burch,Marc,D,75000.0,75000.0,2013
CHV,Burling,Bobby,D,85000.0,88333.33,2013
SJ,Busch,Jon,GK,165000.0,176333.33,2013
MTL,Bush,Evan,GK,46500.0,46500.0,2013
NY,Bustamante,Michael,M-D,46500.0,46500.0,2013
NY,Cahill,Tim,M,3500000.0,3625000.0,2013
COL,Calderon,Diego,D,50000.0,50000.0,2013
NE,Caldwell,Scott,M,46500.0,54000.0,2013
TOR,Caldwell,Steven,D,79999.98,89999.98,2013
CHV,Calvert,Caleb,F,48000.0,55500.0,2013
MTL,Camara,Hassoun,D/M,115000.0,126625.0,2013
VAN,Cannon,Joe,GK,180500.0,189916.67,2013
NY,Carney,David,M,144000.0,167000.0,2013
HOU,Carr,Calen,F,90338.0,94588.0,2013
HOU,Carrasco,Servando,M,46500.0,46500.0,2013
PHI,Carroll,Brian,M,176400.0,176400.0,2013
COL,Cascio,Tony,M,64900.0,98650.0,2013
PHI,Casey,Conor,F,175000.0,175000.0,2013
SEA,Caskey,Alex,M,46500.0,46500.0,2013
NY,Castano,Santiago,GK,35125.0,35125.0,2013
DAL,Castillo,Fabian,F,60000.0,66250.0,2013
COL,Castrillon,Jaime,M,46500.0,46500.0,2013
SJ,Cato,Cordell,F,48000.0,48000.0,2013
COL,Ceus,Steward,GK,60000.0,70333.33,2013
HOU,Chabala,Michael,M,55008.0,57508.0,2013
POR,Chara,Diego,M,200004.0,243754.0,2013
SJ,Chavez,Marvin,M,175000.0,175000.0,2013
HOU,Ching,Brian,F,50000.0,75000.0,2013
NY,Christianson,Ian,M,46500.0,46500.0,2013
CHV,Chueca,Carlo,M,35125.0,35125.0,2013
LA,Clark,Colin,M,80000.0,80000.0,2013
HOU,Clark,Ricardo,M,274000.0,307750.0,2013
VAN,Clarke,Caleb,F,46500.0,46500.0,2013
LA,Cochrane,Greg,D,35125.0,35125.0,2013
KC,Collin,Aurelien,D,250000.0,256250.0,2013
TOR,Convey,Bobby,M,200000.0,215000.0,2013
DAL,Cooper,Kenny,F,325000.0,342500.0,2013
SJ,Corrales,Ramiro,M,60000.0,60000.0,2013
CHV,Correa,Jose Erick,F,60000.0,60000.0,2013
LA,Courtois,Laurent,M,46500.0,46500.0,2013
HOU,Creavalle,Warren,D,46500.0,46500.0,2013
MTL,Crepeau,Maxime,GK,35125.0,35125.0,2013
SJ,Cronin,Sam,M,175000.0,177500.0,2013
PHI,Cruz,Danny,M,120000.0,126500.0,2013
LA,Cudicini,Carlo,GK,150000.0,150000.0,2013
HOU,Cummings,Omar,F,225000.0,239000.0,2013
PHI,Daniel,Keon,M,80004.0,82891.5,2013
POR,Danso,Mamadou,D,83000.0,83000.0,2013
VAN,Davidson,Jun Marques,M,74250.0,78019.66,2013
NE,Davies,Charlie,F,48000.0,59250.0,2013
HOU,Davis,Brad,M,325000.0,372062.5,2013
CHV,de la Fuente,Bryan,F,35125.0,35125.0,2013
CHV,de Luna,Mario,D,120000.0,120000.0,2013
LA,DeLaGarza,AJ,D,120000.0,142500.0,2013
DC,DeLeon,Nick,M,70400.0,105400.0,2013
CHV,Delgado,Marco,M,50000.0,52500.0,2013
MTL,DelPiccolo,Paolo,M,35125.0,35125.0,2013
VAN,DeMerit,Jay,D,325000.0,375000.0,2013
SEA,Dempsey,Clint,F,4913004.0,5038566.5,2013
HOU,Deric,Tyler,GK,80000.0,87666.67,2013
DC,DeRosario,Dwayne,M,600000.0,645333.33,2013
MTL,Di Vaio,Marco,F,1000008.0,1937508.0,2013
DAL,Diaz,Mauro,M,312000.0,398000.0,2013
TOR,Dike,Bright,F,57750.0,60687.5,2013
HOU,Dixon,Alex,M,49612.5,54612.5,2013
LA,Donovan,Landon,F,2500000.0,2500000.0,2013
NE,Dorman,Andy,M,125000.0,125000.0,2013
PHI,Dos Santos,Gilberto,M,60000.0,80000.0,2013
CHI,Dos Santos,Maicon,F,157000.0,164433.33,2013
DC,Doyle,Conor,F,46500.0,46500.0,2013
HOU,Driver,Andrew,M,95000.0,95000.0,2013
NE,Duckett,Bilal,D,35125.0,35125.0,2013
CHI,Duka,Dilaver,M,140000.0,273000.0,2013
KC,Duke,Christian,D,35125.0,35125.0,2013
,Dunfield,Terry,M,120000.0,120000.0,2013
LA,Dunivant,Todd,D,150000.0,156750.0,2013
KC,Dwyer,Dom,F,65000.0,77500.0,2013
DC,Dykstra,Andrew,GK,46500.0,46500.0,2013
TOR,Earnshaw,Robert,F,138000.0,155150.0,2013
TOR,Eckersley,Richard,D,210000.0,310000.0,2013
PHI,Ekra,Yann,F,46500.0,46500.0,2013
KC,Ellis,Kevin,D,46500.0,47250.0,2013
TOR,Elmer,Jonas,D,124999.92,131488.2,2013
NY,Espindola,Fabian,F,150000.0,150000.0,2013
SEA,Estrada,David,F,48400.0,48400.0,2013
SEA,Evans,Brad,F,167296.0,181046.0,2013
POR,Evans,Steven,M,46500.0,46500.0,2013
PHI,Fabinho,Fabinho,D,78000.0,82500.0,2013
NE,Fagundez,Diego,F,99996.0,127196.0,2013
CHV,Farfan,Gabriel,M,50820.0,50820.0,2013
PHI,Farfan,Michael,M,98670.0,136170.0,2013
NE,Farrell,Andrew,D,80000.0,161000.0,2013
KC,Feilhaber,Benny,M,300000.0,312187.5,2013
PHI,Fernandes,Leo,M,35125.0,35125.0,2013
CHI,Fernandez,Alvaro,M,300000.0,366666.67,2013
RSL,Fernandez,Eduardo,GK,35125.0,35125.0,2013
DAL,Fernandez,Raul,GK,150000.0,237500.0,2013
MTL,Ferrari,Matteo,D,240000.0,295475.0,2013
DAL,Ferreira,David,M-F,625000.0,730000.0,2013
RSL,Findley,Robbie,F,175000.0,205500.0,2013
CLB,Finlay,Ethan,F,47300.0,62300.0,2013
CLB,Finley,Ryan,F,46500.0,74000.0,2013
CHV,Fondy,Matthew,F,46500.0,46500.0,2013
SEA,Ford,Josh,GK,46500.0,46500.0,2013
CHI,Francis,Shaun,D,46500.0,46500.0,2013
LA,Franklin,Sean,D,225000.0,248333.33,2013
TOR,Frei,Stefan,GK,145000.0,200000.0,2013
CHV,Frias,Jaime,D,60000.0,60000.0,2013
SJ,Fucito,Michael,MF,55000.0,57889.79,2013
PHI,Gaddis,Raymon,D,46500.0,46500.0,2013
DAL,Garcia,Danny,M,48000.0,64000.0,2013
RSL,Garcia,Olmes,F,120000.0,120000.0,2013
LA,Garcia,Rafael,M,46500.0,46500.0,2013
KC,Gardner,Joshua,M,60000.0,60000.0,2013
SJ,Gargan,Daniel,M,88000.0,88000.0,2013
SJ,Garza,Sam,M,71500.0,98000.0,2013
LA,Gaul,Bryan,F,46500.0,46500.0,2013
CLB,Gaven,Eddie,M-F,190000.0,195000.0,2013
SEA,Gavin,Blair,M,35125.0,35125.0,2013
CLB,Gehrig,Eric,M,46500.0,46500.0,2013
CLB,George,Kevan,M,46500.0,46500.0,2013
RSL,Gil,Luis,M,118750.0,213833.33,2013
POR,Gleeson,Jake,GK,60000.0,63263.75,2013
DAL,Goncalves,Jackson,D,144000.0,165375.0,2013
NE,Goncalves,Jose,D,75000.0,104375.0,2013
DAL,Gonzalez,Jesse,GK,35125.0,35125.0,2013
SEA,Gonzalez,Leonardo,D,135000.0,135000.0,2013
LA,Gonzalez,Omar,D,205000.0,282000.0,2013
SJ,Goodson,Clarence,D,315000.0,342000.0,2013
SJ,Gordon,Alan,F,175000.0,196666.67,2013
RSL,Grabavoy,Ned,M,155000.0,161666.67,2013
COL,Griffiths,Brenton,D,35125.0,35125.0,2013
RSL,Grossman,Cole,M,46500.0,46500.0,2013
CLB,Gruenebaum,Andy,GK,92220.0,93886.67,2013
SEA,Gspurning,Michael,GK,210000.0,285000.0,2013
CHI,Gulley,Kellen,F,65000.0,79000.0,2013
NE,Guy,Ryan,F,48510.0,48510.0,2013
SEA,Hahnemann,Marcus,GK,60000.0,60000.0,2013
TOR,Hall,Jeremy,D,80000.0,90000.0,2013
HOU,Hall,Tally,GK,185000.0,198500.0,2013
DC,Hamid,Bill,GK,75000.0,89750.0,2013
SJ,Harden,Ty,D,65000.0,68415.21,2013
POR,Harrington,Michael,M-D,140000.0,166833.33,2013
COL,Harris,Atiba,M-F,165000.0,173275.0,2013
NY,Hartman,Kevin,GK,46500.0,54000.0,2013
VAN,Harvey,Jordan,D,112500.0,112500.0,2013
DAL,Hassli,Eric,F,237276.0,262276.0,2013
DAL,Hedges,Matt,D,49500.0,64500.0,2013
VAN,Heinemann,Tommy,F,51975.0,51975.0,2013
TOR,Henry,Doneil,D,50000.0,62083.33,2013
NY,Henry,Thierry,F,3750000.0,4350000.0,2013
PHI,Hernandez,Cristhian,M,62500.0,64375.0,2013
SJ,Hernandez,Jason,D,205000.0,208333.33,2013
DAL,Hernandez,Moises,D,46500.0,48125.0,2013
POOL,Herrick,Doug,GK,35125.0,35125.0,2013
VAN,Hertzog,Corey,F,50004.0,60670.67,2013
CLB,Higuain,Federico,M-F,440000.0,604000.0,2013
COL,Hill,Kamani,M,46500.0,46500.0,2013
LA,Hoffman,Chandler,F,71500.0,97500.0,2013
NY,Holgersson,Markus,D,199500.0,199500.0,2013
PHI,Hoppenot,Antoine,F,48400.0,48400.0,2013
POR,Horst,David,D,70000.0,70000.0,2013
NE,Horth,Matthew,F,35125.0,35125.0,2013
CLB,Horton,Aaron,F,65000.0,80500.0,2013
VAN,Hurtado,Erik,F/M,46500.0,81500.0,2013
SEA,Hurtado,Jhon Kennedy,D,190000.0,190000.0,2013
CLB,Hyland,Kyle,D,35125.0,35125.0,2013
SEA,Ianni,Patrick,D,150000.0,150000.0,2013
DC,Iapichino,Dennis,D,110000.0,110000.0,2013
DAL,Ihemelu,Ugo,D,200000.0,200000.0,2013
NE,Imbongo,Dimitry,F,90000.0,99875.0,2013
CHV,Iraheta,Marvin,M,46500.0,46500.0,2013
COL,Irwin,Clint,GK,35125.0,35125.0,2013
DAL,Jacobson,Andrew,M,122500.0,135000.0,2013
SJ,Jahn,Adam,F,35125.0,35125.0,2013
DC,Jakovic,Dejan,D,280000.0,303341.33,2013
CHV,Jazic,Ante,D,132187.5,132187.5,2013
POR,Jean-Baptiste,Andrew,D,65000.0,80000.0,2013
DC,Jeffrey,Jared,M,54000.0,60200.0,2013
POR,Jewsbury,Jack,D,185000.0,194750.0,2013
LA,Jimenez,Hector,M,46500.0,46500.0,2013
DAL,John,George,D,275000.0,301666.67,2013
SEA,Johnson,Eddie,F,150000.0,156333.33,2013
HOU,Johnson,Jason,F,70000.0,111000.0,2013
POR,Johnson,Ryan,M,144704.0,144704.0,2013
CHI,Johnson,Sean,GK,120000.0,153000.0,2013
POR,Johnson,Will,F,243750.0,243750.0,2013
PHI,Jordan,Greg,M,46500.0,46500.0,2013
KC,Joseph,Peterson,M,46500.0,46500.0,2013
SEA,Joseph,Shalrie,M,60000.0,105500.0,2013
CHI,Jumper,Hunter,D,35125.0,35125.0,2013
LA,Juninho,,M,290000.0,290000.0,2013
POR,Kah,Pa Modou,D,63999.96,68999.96,2013
CHI,Kann,Alec,GK,35125.0,35125.0,2013
PHI,Kassel,Matt,M,46500.0,46500.0,2013
LA,Keane,Robbie,F,4000000.0,4333333.33,2013
DAL,Keel,Stephen,D,46500.0,46500.0,2013
DC,Kemp,Taylor,D,35125.0,35125.0,2013
KC,Kempin,Jonathan,GK,60000.0,67083.33,2013
CHV,Kennedy,Dan,GK,192500.0,194166.67,2013
NY,Kimura,Kosuke,D,100000.0,100000.0,2013
COL,Kindle,Kory,D,35125.0,35125.0,2013
CHI,King,Brendan,M,35125.0,35125.0,2013
CHI,Kinney,Steven,D,46500.0,46500.0,2013
DC,Kitchen,Perry,D,105000.0,190450.0,2013
VAN,Klazura,Greg,D,46500.0,46500.0,2013
PHI,Kleberson,Jose,M,495000.0,495000.0,2013
COL,Klute,Chris,D,46500.0,46500.0,2013
VAN,Knighton,Brad,GK,66000.0,68600.0,2013
VAN,Kobayashi,Daigo,M,225000.0,238833.33,2013
POR,Kocic,Milos,GK,49612.0,49612.0,2013
TOR,Koevermans,Danny,F,1250000.0,1663323.33,2013
VAN,Koffie,Gershon,M,165000.0,176000.0,2013
TOR,Konopka,Chris,GK,46500.0,46500.0,2013
DC,Korb,Chris,D,49613.0,49613.0,2013
KC,Kronberg,Eric,GK,76835.0,76835.0,2013
TOR,Laba,Matias,M,200000.0,200000.0,2013
COL,LaBrocca,Nick,M,120000.0,138333.33,2013
NY,Lade,Connor,D,55000.0,59213.21,2013
PHI,Lahoud,Michael,M,90000.0,93333.33,2013
TOR,Lambe,Reggie,M,67500.0,70000.0,2013
CLB,Lampson,Matt,GK,46500.0,46500.0,2013
CHI,Larentowicz,Jeff,D,225000.0,231000.0,2013
NE,Latigue,Gabe,M,35125.0,35125.0,2013
PHI,Le Toux,Sebastian,M,200000.0,212812.5,2013
MTL,Lefevre,Wandrille,M,35125.0,35125.0,2013
SJ,Lenhart,Steven,F,210000.0,217500.0,2013
VAN,Leveron,Johnny,D,60000.0,71187.5,2013
CHI,Lindpere,Joel,M,180000.0,205000.0,2013
HOU,Lopez,Alexander,M,192000.0,212000.0,2013
RSL,Lopez,Benjamin,F,35125.0,37730.43,2013
KC,Lopez,Mikey,M,75000.0,147000.0,2013
DAL,Loyd,Zach,M,92372.5,136997.5,2013
DAL,Luccin,Peter,M,90000.0,131000.0,2013
SEA,Lund,Philip,M,35125.0,35125.0,2013
NY,Luyindula,Peguy,F,79999.92,79999.92,2013
PHI,MacMath,Zac,GK,110000.0,155000.0,2013
CHI,Magee,Mike,F,185000.0,191666.67,2013
MTL,Mallace,Calum,M,47300.0,62300.0,2013
VAN,Manneh,Kekuta,F,55000.0,84500.0,2013
RSL,Mansally,Kenny,F,50000.0,57000.0,2013
MTL,Mapp,Justin,M,125000.0,137500.0,2013
HOU,Marscheider,Erich,GK,46500.0,46500.0,2013
CLB,Marshall,Chad,D,330000.0,361250.0,2013
DC,Martin,Collin,M,35125.0,49291.67,2013
RSL,Martinez,Enzo,M,71500.0,97500.0,2013
SJ,Martinez,Walter,M-F,90000.0,90000.0,2013
MTL,Martins,Felipe,M,150000.0,182500.0,2013
SEA,Martins,Obafemi,F,1600000.0,1725000.0,2013
LA,Mastroeni,Pablo,M-D,150000.0,200000.0,2013
VAN,Mattocks,Darren,F,120000.0,212000.0,2013
RSL,Maund,Aaron,D,35125.0,43458.33,2013
LA,McBean,Jack,F,80000.0,101000.0,2013
NE,McCarthy,Stephen,M,87120.0,118370.0,2013
NY,McCarty,Dax,M,180000.0,222500.0,2013
RSL,McDonald,Brandon,M,235000.0,273250.0,2013
SJ,McGlynn,Peter,D,35125.0,35125.0,2013
PHI,McInerney,Jack,F,125500.0,189666.67,2013
POR,McKenzie,Rauwshan,D,46500.0,46500.0,2013
CHV,McLain,Patrick,GK,46500.0,46500.0,2013
PHI,McLaughlin,James,M,60000.0,69000.0,2013
NY,Meara,Ryan,GK,65000.0,66250.0,2013
KC,Mechack,Jerome,D,35125.0,35125.0,2013
KC,Medranda,Jimmy,M,35125.0,35125.0,2013
CHV,Mejia,Edgar,M,140000.0,140000.0,2013
CHV,Melia,Tim,GK,60000.0,65000.0,2013
COL,Mera,German,D,46500.0,46500.0,2013
CLB,Meram,Justin,F,56320.0,80695.0,2013
MTL,Messoudi,Zakaria,M,35125.0,35125.0,2013
LA,Meyer,Tommy,D,47300.0,61050.0,2013
NY,Miazga,Matt,D,60000.0,66250.0,2013
VAN,Miller,Kenny,F,1114992.0,1124992.0,2013
KC,Miller,Kyle,M,35125.0,35125.0,2013
NY,Miller,Roy,M,123745.0,123745.0,2013
POR,Miller,Ryan,D,60000.0,65000.0,2013
CHV,Minda,Oswaldo,M,125000.0,143750.0,2013
VAN,Mitchell,Carlyle,D,46500.0,46500.0,2013
SEA,Moffat,Adam,M,150000.0,161608.33,2013
SEA,Montero,Fredy,F,700000.0,856000.0,2013
COL,Moor,Drew,D,235000.0,247000.0,2013
RSL,Morales,Javier,M,300000.0,300000.0,2013
CHV,Morales,Julio,F,35125.0,35125.0,2013
NY,Moreno,Amando,F,35125.0,35125.0,2013
TOR,Morgan,Ashtone,D,60000.0,72000.0,2013
SJ,Morrow,Justin,D,130000.0,139562.5,2013
COL,Mullan,Brian,M,162000.0,170335.0,2013
SJ,Muller,Tommy,D,35125.0,35125.0,2013
,Muniz,Nico,M,46500.0,48500.0,2013
COL,Mwanga,Danny,F,130000.0,171250.0,2013
KC,Myers,Chance,D-M,105000.0,120666.67,2013
KC,Nagamura,Paulo,M,265000.0,270500.0,2013
POR,Nagbe,Darlington,M/F,130000.0,266000.0,2013
POR,Nanchoff,Michael,M,46500.0,46500.0,2013
SEA,Neagle,Lamar,M,48400.0,48400.0,2013
DC,Neal,Lewis,M,90000.0,96440.63,2013
DAL,Neres da Cruz,Erick,M,84000.0,85875.0,2013
MTL,Nesta,Alessandro,D,260000.0,305000.0,2013
SJ,Newton,Evan,GK,46500.0,46500.0,2013
NE,Nguyen,Lee,M/F,73600.0,80100.0,2013
KC,Nielsen,Jimmy,GK,200000.0,220000.0,2013
PHI,Nikolov,Oka,GK,46500.0,46500.0,2013
DAL,Nunez,Ramon,M,65000.0,75000.0,2013
CHI,Nyarko,Patrick,F,230000.0,249500.0,2013
DC,Nyassi,Sainey,M,88200.0,94950.0,2013
MTL,Nyassi,Sanna,M,140000.0,147625.0,2013
NY,Obekop,Marius,M,35125.0,35125.0,2013
VAN,O'Brien,Andy,D,200012.04,230012.04,2013
CLB,Oduro,Dominic,F,120015.0,122015.0,2013
PHI,Okugo,Amobi,M,101250.0,184250.0,2013
NY,Olave,Jamison,D,275000.0,325000.0,2013
KC,Olum,Lawrence,M/D,46500.0,46500.0,2013
COL,O'Neill,Shane,M,49350.0,60850.0,2013
KC,Opara,Ike,D,90000.0,96250.0,2013
LA,Opare,Kofi,D,35125.0,35125.0,2013
CLB,O'Rourke,Danny,D,170000.0,175000.0,2013
TOR,Osorio,Jonathan,M,46500.0,46500.0,2013
MTL,Ouimette,Karl,D,46500.0,46500.0,2013
VAN,Ousted,David,GK,150000.0,166156.25,2013
HOU,Ownby,Brian,M,46500.0,46500.0,2013
DC,Pajoy,Lionard,F,190000.0,205000.0,2013
CHI,Paladini,Daniel,M,86625.0,91103.25,2013
RSL,Palmer,Lovel,M,67000.0,71500.0,2013
KC,Palmer-Brown,Erik,D,35125.0,35625.0,2013
MTL,Paponi,Daniele,F,72000.0,87000.0,2013
PHI,Parke,Jeff,D,205000.0,216500.0,2013
CHI,Pause,Logan,M,180000.0,197833.33,2013
NY,Pearce,Heath,D,331236.0,340736.0,2013
LA,Penedo,Jaime,GK,78000.0,81562.5,2013
DAL,Pereira,Michel,M/D,60000.0,81500.0,2013
DAL,Perez,Blas,F,300000.0,324250.0,2013
LA,Perk,Brian,GK,55000.0,58125.0,2013
MTL,Perkins,Troy,GK,225000.0,246833.33,2013
KC,Peterson,Jacob,F,100000.0,104833.33,2013
PHI,Pfeffer,Zach,M,65000.0,75000.0,2013
COL,Pickens,Matt,GK,190000.0,212933.33,2013
CHI,Pineda,Victor,M,46500.0,53242.42,2013
POR,Piquionne,Frederic,F,142000.0,150000.0,2013
MTL,Pisanu,Andrea,F,100000.0,148000.0,2013
RSL,Plata,Joao,F,60000.0,60000.0,2013
NE,Polak,Tyler,D,65000.0,78000.0,2013
DC,Pontius,Chris,M-F,330000.0,361000.0,2013
DC,Porter,Kyle,M,46500.0,54992.45,2013
POR,Powell,Alvas,D,35400.0,35400.0,2013
COL,Powers,Dillon,M,46500.0,79000.0,2013
CHI,Puppo,Federico,F,125000.0,125000.0,2013
CHV,Purdy,Steven,D,80004.0,80004.0,2013
NE,Reis,Matt,GK,165000.0,167666.67,2013
SEA,Remick,Dylan,D,35125.0,35125.0,2013
VAN,Reo-Coker,Nigel,D-M,200000.0,237362.5,2013
TOR,Rey,Alvaro,F,180000.0,204450.0,2013
LA,Ribeiro Da Silva,Leonardo,D,95000.0,95000.0,2013
POR,Richards,Brent,F,65625.0,73992.29,2013
TOR,Richter,Ryan,F,35125.0,35125.0,2013
POR,Ricketts,Donovan,GK,275000.0,300000.0,2013
DC,Riley,James,D,140000.0,145750.0,2013
RSL,Rimando,Nick,GK,200000.0,210833.33,2013
POR,Rincon,Sebastian,F,46500.0,46500.0,2013
POR,Ring,Brad,M,46500.0,46500.0,2013
CHI,Rios,Egidio,M,768000.0,768000.0,2013
MTL,Rivas,Nelson,D,75000.0,75000.0,2013
CHV,Rivera,Jose Manuel,F,116000.0,116000.0,2013
COL,Rivero,Martin,M,75000.0,75000.0,2013
TOR,Roberts,Quillan,GK,46500.0,46500.0,2013
NY,Robles,Luis,GK,75000.0,77500.0,2013
MTL,Rodriguez,Adrian Lopez,D,180000.0,180000.0,2013
MTL,Rodriguez,Maximiliano,M,35125.0,35125.0,2013
LA,Rogers,Robbie,F,90000.0,90000.0,2013
CHI,Rolfe,Chris,F,225000.0,248333.33,2013
MTL,Romero,Andres,F,48000.0,48000.0,2013
SEA,Rosales,Mauro,M,200000.0,225000.0,2013
SEA,Rose,Andy,M,46500.0,46500.0,2013
KC,Rosell,Oriol,M,110000.0,118750.0,2013
LA,Rowe,Brian,GK,46500.0,46500.0,2013
NE,Rowe,Kelyn,M,90000.0,171000.0,2013
LA,Rugg,Charlie,F,35125.0,35125.0,2013
KC,Ruiz,Brendan,D,35125.0,35125.0,2013
DC,Ruiz,Carlos,F,75000.0,75000.0,2013
VAN,Rusin,Brad,D,120000.0,120000.0,2013
TOR,Russell,Darel,M,99999.96,109874.96,2013
KC,Saad,Soony,F,46500.0,46500.0,2013
RSL,Saborio,Alvaro,F,360000.0,453333.33,2013
HOU,Salazar,Bryan,F,46500.0,47500.0,2013
RSL,Salcedo,Carlos,D,35125.0,35125.0,2013
VAN,Salgado,Omar,F,95000.0,136868.67,2013
SJ,Salinas,Shea,M,93975.0,100219.15,2013
NY,Sam,Lloyd,F,130000.0,130000.0,2013
CLB,Sanchez,Matias,M,190000.0,230000.0,2013
DAL,Sanchez,Richard,GK,46500.0,63500.0,2013
COL,Sanchez,Vincente,F,144000.0,186187.5,2013
RSL,Sandoval,Devon,F,35125.0,35125.0,2013
VAN,Sanvezzo,Camilo,F,210000.0,247500.0,2013
KC,Sapong,CJ,F,75000.0,92000.0,2013
DC,Saragosa,Marcelo,M,110000.0,110000.0,2013
HOU,Sarkodie,Kofi,D,100000.0,145500.0,2013
LA,Sarvas,Marcelo,M,157500.0,184375.0,2013
RSL,Saunders,Josh,GK,90000.0,95250.0,2013
CLB,Schoenfeld,Aaron,F,46500.0,46500.0,2013
RSL,Schuler,Chris,D,100000.0,117000.0,2013
SEA,Scott,Zach,D,50000.0,50000.0,2013
DC,Seaton,Michael,F,35125.0,38125.0,2013
CHI,Segares,Gonzalo,D,155000.0,168333.33,2013
DAL,Seitz,Chris,GK,90000.0,90000.0,2013
NY,Sekagya,Ibrahim,D,129999.96,158999.96,2013
NE,Sene,Saer,F,200000.0,211537.54,2013
COL,Serna,Dillon,M,46500.0,59500.0,2013
DC,Shanosky,Conor,D,75000.0,89218.83,2013
NE,Shuttleworth,Robert,GK,80004.0,84504.0,2013
DC,Silva,Luis,M,70400.0,105400.0,2013
POR,Silvestre,Mikael,D,180000.0,186666.67,2013
NE,Simms,Clyde,M,87500.0,90833.33,2013
KC,Sinovic,Seth,M-D,90000.0,96750.0,2013
CLB,Sloan,Shawn,M,35125.0,35125.0,2013
MTL,Smith,Blake,M,46500.0,80250.0,2013
NE,Smith,Donnie,M,35125.0,35125.0,2013
COL,Smith,Jamie,M,46500.0,46500.0,2013
NE,Soares,AJ,D,103345.0,143345.0,2013
NE,Soffner,Luis,GK,35125.0,35125.0,2013
LA,Sorto,Oscar,D,46500.0,48375.0,2013
CHV,Soto,Josue,M,35125.0,35125.0,2013
CHI,Soumare,Bakary,D,310000.0,350000.0,2013
CLB,Speas,Ben,F,62000.0,62000.0,2013
NY,Steele,Jonny,M,99996.0,107746.0,2013
LA,Stephens,Michael,M,84755.0,106005.0,2013
RSL,Stephenson,Khari,M,77500.0,81958.33,2013
RSL,Stertzer,John,M,46500.0,75250.0,2013
SJ,Stewart,Jordan,M-D,108000.0,108000.0,2013
COL,Sturgis,Nathan,D-M,93712.5,97962.5,2013
POOL,Stuver,Brad,GK,35125.0,35125.0,2013
DC,Syamsir,Alam,M,46500.0,46500.0,2013
HOU,Taylor,Jermaine,D,160000.0,169500.0,2013
CLB,Tchani,Tony,M,130000.0,155000.0,2013
VAN,Teibert,Russell,M,60000.0,65600.0,2013
COL,Thomas,Hendry,M,180000.0,200000.0,2013
TOR,Thomas,Michael,M,57750.0,60713.21,2013
VAN,Thomas,Simon,GK,35125.0,35125.0,2013
CHI,Thompson,Wells,M,105000.0,113125.0,2013
DC,Thorrington,John,M,150000.0,150000.0,2013
NE,Tierney,Chris,D-M,82265.63,83932.29,2013
MTL,Tissot,Maxim,D,35125.0,35125.0,2013
NE,Toja,Juan,M-F,275000.0,295000.0,2013
DAL,Top,Jonathan,F,46500.0,46500.0,2013
CHI,Tornaghi,Paolo,GK,46500.0,46500.0,2013
CHV,Torres,Erick,F,129996.0,129996.0,2013
COL,Torres,Gabriel,F,264000.0,276500.0,2013
PHI,Torres,Roger,M,121968.0,125093.0,2013
DC,Townsend,Casey,F,56650.0,91650.0,2013
SJ,Tracy,Marcus,F,46500.0,46500.0,2013
SEA,Traore,Djimi,D,120000.0,120000.0,2013
CLB,Trapp,Wil,M,100000.0,127000.0,2013
POR,Tucker-Gangnes,Dylan,D,35125.0,35125.0,2013
MTL,Ubiparipovic,Sinisa,M,57750.0,57750.0,2013
DAL,Ulloa,Victor,M,46500.0,49000.0,2013
POR,Urruti,Maximiliano,F,200000.04,200000.04,2013
PHI,Valdes,Carlos,D,321000.0,321000.0,2013
POR,Valencia,Jose Adolfo,F,50000.0,65000.0,2013
MTL,Valentin,Zarek,D,100000.0,152000.0,2013
POR,Valeri,Diego,M,400000.0,400000.0,2013
RSL,Velasquez,Sebastian,M,46500.0,46500.0,2013
CLB,Viana,Agustin,D-M,105000.0,131666.67,2013
CHI,Videira,Michael,M,46500.0,47125.0,2013
CHV,Villafana,Jorge,F,69300.0,70966.67,2013
LA,Villarreal,Joseph,M,46500.0,48375.0,2013
CLB,Wahl,Tyson,D,76000.0,80666.67,2013
LA,Walker,Kenney,M,46500.0,46500.0,2013
COL,Wallace,Anthony,D-M,66563.7,66563.7,2013
POR,Wallace,Rodney,M-D,125000.0,150000.0,2013
MTL,Warner,Collen,M-F,110000.0,137500.0,2013
DAL,Warshaw,Bobby,D,50820.0,62070.0,2013
CLB,Warzycha,Konrad,M,46500.0,46500.0,2013
VAN,Watson,Matt,M,68250.0,79251.98,2013
DAL,Watson,JeVaughn,M,100000.0,116875.0,2013
RSL,Watson-Siriboe,Kwame,D,53240.0,53240.0,2013
HOU,Weaver,Cam,F,100000.0,108406.67,2013
TOR,Welshman,Emery,F,46500.0,46500.0,2013
MTL,Wenger,Andrew,D/F,120000.0,222000.0,2013
PHI,Wheeler,Aaron,F,46500.0,46500.0,2013
DC,White,Ethan,D,75000.0,91000.0,2013
TOR,Wiedeman,Andrew,F,55000.0,65000.0,2013
CLB,Williams,Josh,D,52313.0,52313.0,2013
PHI,Williams,Sheanon,F,105000.0,110500.0,2013
DC,Willis,Joe,GK,46500.0,46500.0,2013
RSL,Wingert,Chris,D,160598.0,167598.0,2013
CLB,Withrow,Daniel,GK,35125.0,35125.0,2013
SJ,Wondolowski,Chris,M,550000.0,600000.0,2013
DAL,Woodberry,London,D,46500.0,46500.0,2013
NE,Woodbine,O'Brian,D,46500.0,49882.13,2013
DC,Woolard,Daniel,D,100000.0,100000.0,2013
NY,Wright-Phillips,Bradley,F,50000.04,92500.04,2013
COL,Wynne,Marvell,D,200000.0,285000.0,2013
SEA,Yedlin,DeAndre,D,50000.0,53500.0,2013
VAN,Young-Pyo,Lee,D,196900.0,231100.0,2013
SEA,Zakuani,Steve,F,135000.0,233000.0,2013
LA,Zardes,Gyasi,F,100000.0,173000.0,2013
SEA,Zavaleta,Eriq,F,65000.0,95600.0,2013
POR,Zemanski,Ben,M,73500.0,76000.0,2013
DAL,Zimmerman,Walker,D,75000.0,155100.0,2013
POR,Zizzo,Sal,F,76781.0,85987.77,2013
DAL,Zobeck,Kyle,GK,35125.0,35125.0,2013
KC,Zusi,Graham,F-M,350000.0,383250.0,2013
DAL,Acosta,Kellyn,M,55000.0,79000.0,2014
VAN,Adekugbe,Samuel,D,50000.0,55000.0,2014
POR,Adi,Fanendo,F,580800.0,593300.0,2014
COL,Agbossoumonde,Gale,D,48825.0,55491.67,2014
DAL,Akindele,Tesho,F,48500.0,48500.0,2014
NE,Akpan,Andre,F,48500.0,51333.33,2014
VAN,Alderson,Bryce,M,100000.0,115000.0,2014
CHI,Alex,,M,123750.0,133700.0,2014
NY,Alexander,Eric,M,115000.0,128750.0,2014
POR,Alhassan,Kalif,M,120000.0,120000.0,2014
RSL,Allen,Jordan,M/F,80000.0,90000.0,2014
SEA,Alonso,Osvaldo,M,400000.0,400000.0,2014
NE,Alston,Kevin,D,125000.0,143333.33,2014
COL,Alvarez,Carlos,M,73150.0,108150.0,2014
ORL,Alvarez,Yordany,M,48500.0,56000.0,2014
CHI,Amarikwa,Quincy,F,60000.0,60000.0,2014
CHI,Anangono,Juan Luis,F,175000.0,175000.0,2014
SEA,Anibaba,Jalil,D,119620.0,159620.0,2014
CLB,Anor,Bernardo,M,48825.0,48825.0,2014
SEA,Apam,Onyekachi,D,60000.0,60000.0,2014
TOR,Aparicio,Manuel,M,36504.0,36504.0,2014
HOU,Arena,Anthony,D,36504.0,36504.0,2014
COL,Armstrong,David,M,36504.0,36504.0,2014
DC,Arnaud,Davy,M,212500.0,212500.0,2014
CLB,Arrieta,Jairo,F,135000.0,135000.0,2014
HOU,Ashe,Corey,M,165000.0,174750.0,2014
DC,Attakora,Nana,D,62500.0,65575.52,2014
RSL,Attinella,Jeff,GK,48825.0,48825.0,2014
CHV,Avila,Eric,M,115000.0,135000.0,2014
SEA,Azira,Michael,D,48504.0,51147.54,2014
CLB,Baiden,Kingsley,M,36504.0,36504.0,2014
RSL,Balchan,Rich,D,48500.0,48500.0,2014
VAN,Ballouchy,Mehdi,M,65000.0,65000.0,2014
SJ,Barklage,Brandon,M,65000.0,68415.21,2014
NE,Barnes,Darrius,D,80000.0,86666.67,2014
HOU,Barnes,Giles,M,230000.0,241158.33,2014
CHV,Barrera,Leandro,F,50000.0,50000.0,2014
SEA,Barrett,Chad,F,80000.0,85000.0,2014
CLB,Barson,Chad,D,48825.0,48825.0,2014
HOU,Beasley,DaMarcus,D,750000.0,779166.67,2014
RSL,Beckerman,Kyle,M,350000.0,378750.0,2014
CLB,Bedell,Adam,F,36504.0,36504.0,2014
VAN,Beitashour,Steven,D,170000.0,177166.67,2014
TOR,Bekker,Kyle,M,51150.0,77400.0,2014
MTL,Beland-Goyette,Louis,M,36504.0,36504.0,2014
RSL,Beltran,Anthony,D,186450.0,186450.0,2014
TOR,Bendik,Joe,GK,140000.0,147375.0,2014
NE,Bengtson,Jerry,F,144000.0,144000.0,2014
DAL,Benitez,Jair,D,97875.0,97875.0,2014
SJ,Bernardez,Victor,D,100008.0,141608.0,2014
COL,Berner,John,GK,36500.0,36500.0,2014
MTL,Bernier,Patrice,F-M,165000.0,205000.0,2014
PHI,Berry,Austin,D,86994.0,101994.0,2014
KC,Besler,Matt,D,600000.0,633250.0,2014
KC,Bieler,Claudio,F,225000.0,225000.0,2014
SJ,Bingham,David,GK,85910.0,130285.0,2014
DC,Birnbaum,Steven,D,55000.0,85000.0,2014
MTL,Bissue,James,F,48500.0,48500.0,2014
NY,Bitolo,Ambroise,D,36500.0,36500.0,2014
PHI,Blake,Andre,GK,75000.0,113000.0,2014
TOR,Bloom,Mark,D,48825.0,48825.0,2014
CHV,Bocanegra,Carlos,D,300000.0,333333.33,2014
CHV,Bolanos,Luis,F,48504.0,48504.0,2014
PHI,Bone,Corben,M,48825.0,51325.0,2014
HOU,Boniek Garcia,Oscar,F,199992.0,258742.0,2014
RSL,Borchers,Nat,D,225000.0,236968.75,2014
,Borja,Carlos,D,52313.0,52313.0,2014
CHV,Borja,Felix,F,48504.0,48504.0,2014
DC,Boswell,Bobby,D,189666.6,189666.6,2014
NY,Bover,Ruben,M,36500.0,36500.0,2014
SEA,Bowen,Tristan,F,65000.0,70000.0,2014
TOR,Bradley,Michael,M,6000000.0,6500000.0,2014
NYCFC,Brovsky,Jeb,M,115000.0,119000.0,2014
PHI,Brown,Brian,F,48504.0,53004.0,2014
COL,Brown,Deshorn,F,75000.0,123000.0,2014
HOU,Bruin,Will,F,127500.0,172500.0,2014
HOU,Brunner,Eric,D,130000.0,130625.0,2014
COL,Buddle,Edson,F,325000.0,325000.0,2014
NE,Bunbury,Teal,F,135000.0,233000.0,2014
COL,Burch,Marc,D,85000.0,85000.0,2014
CHV,Burling,Bobby,D,115000.0,122500.0,2014
SJ,Busch,Jon,GK,173250.0,184583.33,2014
MTL,Bush,Evan,GK,48825.0,48825.0,2014
NY,Bustamante,Michael,M-D,48825.0,48825.0,2014
DAL,Cabrera,Walter,D,84000.0,96000.0,2014
NY,Cahill,Tim,M,3500000.0,3625000.0,2014
NE,Caldwell,Scott,M,52313.0,59813.0,2014
TOR,Caldwell,Steven,D,325000.0,364166.67,2014
CHV,Calvert,Caleb,F,55000.0,62500.0,2014
MTL,Camara,Hassoun,D/M,215000.0,226625.0,2014
VAN,Carducci,Marco,GK,36504.0,36504.0,2014
HOU,Carrasco,Servando,M,48825.0,48825.0,2014
PHI,Carreiro,Fred,M,65460.0,65460.0,2014
PHI,Carroll,Brian,M,185220.0,185220.0,2014
HOU,Cascio,Tony,M,71390.0,105140.0,2014
PHI,Casey,Conor,F,192500.0,192500.0,2014
DC,Caskey,Alex,M,48825.0,48825.0,2014
NY,Castano,Santiago,GK,36500.0,36500.0,2014
NE,Castillion,Geoffrey,F,276000.0,329033.33,2014
DAL,Castillo,Fabian,F,70000.0,76250.0,2014
SJ,Cato,Cordell,F,50400.0,50400.0,2014
ORL,Ceren,Darwin,M,50000.0,80437.5,2014
POR,Chara,Diego,M,170000.0,170000.0,2014
CHV,Chavez,Marvin,M,200000.0,200000.0,2014
NY,Christianson,Ian,M,48825.0,48825.0,2014
HOU,Clark,Ricardo,M,288000.0,321750.0,2014
CLB,Clark,Steven,GK,135000.0,138333.33,2014
VAN,Clarke,Caleb,F,60000.0,60000.0,2014
KC,Claros,Jorge,M,90000.0,90000.0,2014
HOU,Cochran,AJ,D,57500.0,73500.0,2014
CHI,Cochrane,Greg,D,48500.0,48500.0,2014
CHI,Cocis,Razvan,M,140004.0,146670.67,2014
KC,Collin,Aurelien,D,275000.0,281250.0,2014
NY,Convey,Bobby,M,137500.0,147500.0,2014
SEA,Cooper,Kenny,F,200000.0,265625.0,2014
CHV,Correa,Jose Erick,F,70000.0,70000.0,2014
DAL,Craft,Coy,F,48504.0,65587.33,2014
TOR,Creavalle,Warren,D,90000.0,100500.0,2014
MTL,Crepeau,Maxime,GK,48500.0,48500.0,2014
SJ,Cronin,Sam,M,185000.0,187500.0,2014
PHI,Cruz,Danny,M,125000.0,131666.67,2014
HOU,Cummings,Omar,F,250000.0,264000.0,2014
MTL,Danso,Mamadou,D,87500.0,87500.0,2014
NE,Davies,Charlie,F,75000.0,78940.63,2014
HOU,Davis,Brad,M,345000.0,392062.5,2014
VAN,Dean,Christian,D,80000.0,161000.0,2014
TOR,Defoe,Jermain,F,6000000.0,6180000.0,2014
LA,DeLaGarza,AJ,D,132500.0,155000.0,2014
DC,DeLeon,Nick,M,85690.0,120690.0,2014
CHV,Delgado,Marco,M,75000.0,77500.0,2014
SEA,Dempsey,Clint,F,4913004.0,6695188.75,2014
HOU,Deric,Tyler,GK,90000.0,97666.67,2014
TOR,DeRosario,Dwayne,M,137000.0,173000.0,2014
MTL,Di Vaio,Marco,F,1500000.0,2600000.0,2014
DAL,Diaz,Mauro,M,325000.0,411000.0,2014
TOR,Dike,Bright,F,60637.5,63575.0,2014
VAN,Diouf,Mamadou,F,48500.0,61000.0,2014
SJ,Djalo,Yannick,M,200000.0,300000.0,2014
LA,Donovan,Landon,F,4250000.0,4583333.33,2014
NE,Dorman,Andy,M,135000.0,135000.0,2014
KC,Dovale,Toni,D,180000.0,185000.0,2014
DC,Doyle,Conor,F,48500.0,49750.0,2014
HOU,Driver,Andrew,M,130000.0,144583.33,2014
MTL,Duka,Dilaver,M,165000.0,190000.0,2014
KC,Duke,Christian,D,36500.0,36500.0,2014
LA,Dunivant,Todd,D,140000.0,160750.0,2014
CHV,Dunn,Matthew,M,48500.04,48500.04,2014
NY,Duvall,Chris,D,36504.0,36504.0,2014
KC,Dwyer,Dom,F,80000.0,92500.0,2014
DC,Dykstra,Andrew,GK,48825.0,48825.0,2014
CHI,Earnshaw,Robert,F,204000.0,206250.0,2014
NY,Eckersley,Richard,D,255000.0,373333.33,2014
PHI,Edu,Maurice,M,650000.0,650000.0,2014
KC,Ellis,Kevin,D,48825.0,49575.0,2014
COL,Eloundou,Charles,F,48825.0,53825.0,2014
DAL,Escobar,Andres,F,625000.0,647000.0,2014
DC,Espindola,Fabian,F,150000.0,150000.0,2014
DC,Estrada,David,F,48825.0,48825.0,2014
SEA,Evans,Brad,F,267665.0,293666.25,2014
POR,Evans,Steven,M,48825.0,53825.0,2014
PHI,Fabinho,,D,96000.0,100500.0,2014
NE,Fagundez,Diego,F,110000.0,137200.0,2014
NE,Farrell,Andrew,D,95000.0,176000.0,2014
KC,Feilhaber,Benny,M,325000.0,337187.5,2014
PHI,Fernandes,Leo,M,48500.0,48500.0,2014
RSL,Fernandez,Eduardo,GK,36500.0,36500.0,2014
POR,Fernandez,Gaston,F,150000.0,150000.0,2014
DAL,Fernandez,Raul,GK,160000.0,247500.0,2014
VAN,Fernandez,Sebastian,M,143000.0,143000.0,2014
MTL,Ferrari,Matteo,D,300000.0,355475.0,2014
RSL,Findley,Robbie,F,215000.0,245500.0,2014
CLB,Finlay,Ethan,F,50847.5,65847.5,2014
CHV,Finley,Ryan,F,51150.0,78650.0,2014
POR,Fochive,George,M,36500.0,36500.0,2014
CHI,Fondy,Matthew,F,48500.0,48500.0,2014
SEA,Ford,Josh,GK,48500.0,50239.94,2014
SJ,Francis,Shaun,D,55000.0,57889.79,2014
CLB,Francis,Waylon,D,125000.0,153875.0,2014
CHI,Franco,Marco,D,36500.0,36500.0,2014
DC,Franklin,Sean,D,178333.32,209999.99,2014
SEA,Frei,Stefan,GK,150000.0,150000.0,2014
CLB,Friedman,Ross,D,36500.0,36500.0,2014
LA,Friend,Rob,F,85000.0,91000.0,2014
VAN,Froese,Kianz,M-F,44004.0,48504.0,2014
SJ,Fucito,Michael,MF,57750.0,60639.79,2014
PHI,Gaddis,Raymon,D,52313.0,52313.0,2014
MTL,Gagnon-Lapare,Jeremy,M,36504.0,40504.0,2014
CLB,Gall,Romain,M,48504.0,51885.93,2014
POR,Gallego,Bryan,D,36500.0,36750.0,2014
DAL,Garcia,Danny,M,55000.0,71000.0,2014
RSL,Garcia,Olmes,F,125000.0,125000.0,2014
LA,Garcia,Rafael,M,48825.0,48825.0,2014
,Gardner,Joshua,M,70000.0,70000.0,2014
LA,Gargan,Dan,D,48500.0,48500.0,2014
HOU,Garrido,Luis,M,150000.0,150000.0,2014
CLB,Gehrig,Eric,M,48825.0,48825.0,2014
CLB,George,Kevan,M,48825.0,48825.0,2014
RSL,Gil,Luis,M,220000.0,315083.33,2014
RSL,Glad,Justen,D,36500.0,47500.0,2014
POR,Gleeson,Jake,GK,66000.0,69493.44,2014
TOR,Goncalves,Jackson,D,150000.0,202500.0,2014
NE,Goncalves,Jose,D,450000.0,479375.0,2014
DAL,Gonzalez,Jesse,GK,48500.0,48500.0,2014
SEA,Gonzalez,Leonardo,D,150000.0,150000.0,2014
LA,Gonzalez,Omar,D,1000000.0,1250000.0,2014
MTL,Gonzalez,Santiago,M/F,50000.0,50000.0,2014
SJ,Goodson,Clarence,D,315000.0,342000.0,2014
LA,Gordon,Alan,F,185000.0,206666.67,2014
SJ,Gorlitz,Andreas,D,90000.0,99737.19,2014
RSL,Grabavoy,Ned,M,160000.0,175000.0,2014
RSL,Grossman,Cole,M,48825.0,48825.0,2014
KC,Gruenebaum,Andy,GK,85000.0,85000.0,2014
TOR,Hagglund,Nick,D,48500.0,48500.0,2014
SEA,Hahnemann,Marcus,GK,65000.0,65000.0,2014
COL,Hairston,Marlon,M,70000.0,93000.0,2014
TOR,Hall,Jeremy,D,105000.0,115000.0,2014
HOU,Hall,Tally,GK,200000.0,213500.0,2014
DC,Hamid,Bill,GK,100000.0,114750.0,2014
TOR,Hamilton,Jordan,F,60000.0,72500.0,2014
SJ,Harden,Ty,D,68250.0,71665.21,2014
POR,Harrington,Michael,M-D,125000.0,125000.0,2014
SJ,Harris,Atiba,M-F,181500.0,189775.0,2014
VAN,Harvey,Jordan,D,123750.0,123750.0,2014
DAL,Hedges,Matt,D,120000.0,120000.0,2014
TOR,Henry,Doneil,D,75000.0,87083.33,2014
NY,Henry,Thierry,F,3750000.0,4350000.0,2014
PHI,Hernandez,Cristhian,M,72500.0,74375.0,2014
SJ,Hernandez,Jason,D,210000.0,213333.33,2014
DAL,Hernandez,Moises,D,48825.0,50450.0,2014
CLB,Higuain,Federico,M-F,580000.0,744000.0,2014
COL,Hill,Kamani,M,48825.0,48825.0,2014
LA,Hoffman,Chandler,F,48500.0,48500.0,2014
DAL,Hollingshead,Ryan,M,48500.0,48500.0,2014
PHI,Hoppenot,Antoine,F,54450.0,54450.0,2014
HOU,Horst,David,D,70000.0,72750.0,2014
VAN,Hurtado,Erik,F/M,51150.0,86150.0,2014
CHV,Hurtado,Jhon Kennedy,D,210000.0,210000.0,2014
LA,Husidic,Baggio,M,90000.0,90000.0,2014
CHI,Ianni,Patrick,D,150000.0,150000.0,2014
NE,Imbongo,Dimitry,F,112500.0,122375.0,2014
DC,Inkoom,Samuel,D,84000.0,103875.0,2014
COL,Irwin,Clint,GK,75000.0,87000.0,2014
LA,Ishizaki,Stefan,M,200000.0,213000.0,2014
NE,Jackson,Larry,GK,36504.0,36504.0,2014
MTL,Jackson-Hamel,Anthony,F,36504.0,36504.0,2014
NYCFC,Jacobson,Andrew,M,180000.0,180000.0,2014
SJ,Jahn,Adam,F,48500.0,48500.0,2014
RSL,Jaime,Sebastian,F,216000.0,216000.0,2014
LA,Jamieson,Bradford,F,36500.0,36500.0,2014
CHV,Jean-Baptiste,Andrew,D,80000.0,95000.0,2014
DC,Jeffrey,Jared,M,65000.0,71200.0,2014
POR,Jewsbury,Jack,D,115000.0,132500.0,2014
CLB,Jimenez,Hector,M,75000.0,75000.0,2014
DAL,John,George,D,300000.0,326666.67,2014
DC,Johnson,Eddie,F,505000.0,613333.33,2014
HOU,Johnson,Jason,F,80000.0,121000.0,2014
CHI,Johnson,Sean,GK,250000.0,253000.0,2014
POR,Johnson,Will,F,300000.0,325000.0,2014
NE,Jones,Jermaine,M,3000000.0,3252500.0,2014
NE,Joseph,Shalrie,M,248500.0,294000.0,2014
CHI,Joya,Benji,M,48504.0,53504.0,2014
KC,Juliao,Igor,D,48500.0,48500.0,2014
CHI,Jumper,Hunter,D,48500.0,48500.0,2014
LA,Juninho,,M,325000.0,325000.0,2014
TOR,Junior,Gilberto,F,1145000.0,1205000.0,2014
KC,Kafari,Michael,M,36504.0,36504.0,2014
POR,Kah,Pa Modou,D,240000.0,245000.0,2014
CHV,Kaji,Akira,D,48504.0,48504.0,2014
ORL,Kaka,,M,6660000.0,7167500.0,2014
CHI,Kann,Alec,GK,48500.0,48500.0,2014
LA,Keane,Robbie,F,4500000.0,4500000.0,2014
DAL,Keel,Stephen,D,48825.0,48825.0,2014
DC,Kemp,Taylor,D,36504.0,36504.0,2014
KC,Kempin,Jonathan,GK,70000.0,77083.33,2014
CHV,Kennedy,Dan,GK,211750.0,213416.67,2014
NY,Kimura,Kosuke,D,105000.0,105000.0,2014
CHI,Kinney,Steven,D,48825.0,48825.0,2014
DC,Kitchen,Perry,D,143500.0,228950.0,2014
COL,Klute,Chris,D,75000.0,80144.1,2014
COL,Knight,Zat,D,120000.0,139583.33,2014
NE,Knighton,Brad,GK,78100.0,80700.0,2014
SJ,Knutsen,Billy,GK,36504.0,36504.0,2014
NE,Kobayashi,Daigo,M,125000.0,136666.67,2014
VAN,Koffie,Gershon,M,200000.0,211000.0,2014
TOR,Konopka,Chris,GK,60000.0,60000.0,2014
DC,Korb,Chris,D,90000.0,97298.33,2014
SJ,Koval,JJ,M,48500.0,48500.0,2014
SEA,Kovar,Aaron,M,48500.0,48700.0,2014
MTL,Krol,Krzysztof,D,153000.0,153000.0,2014
KC,Kronberg,Eric,GK,120000.0,120000.0,2014
VAN,Laba,Matias,M,300000.0,300000.0,2014
COL,LaBrocca,Nick,M,135000.0,153333.33,2014
NY,Lade,Connor,D,57750.0,61963.21,2014
PHI,Lahoud,Michael,M,99000.0,102333.33,2014
CLB,Lampson,Matt,GK,48825.0,48825.0,2014
CHI,Larentowicz,Jeff,D,245000.0,251000.0,2014
MTL,Larrea,Gorka,M,48500.04,48500.04,2014
PHI,Le Toux,Sebastian,M,250000.0,262812.5,2014
MTL,Lefevre,Wandrille,M,48500.0,48500.0,2014
SJ,Lenhart,Steven,F,250000.0,257500.0,2014
VAN,Leveron,Johnny,D,80000.0,91187.5,2014
VAN,Lewis,Andre,M,48500.0,53500.0,2014
HOU,Lisch,Michael,GK,36504.0,36504.0,2014
CHV,Lochhead,Tony,D,125000.0,125000.0,2014
SEA,Long,Aaron,M,36504.0,36504.0,2014
HOU,Lopez,Alexander,M,90000.0,110000.0,2014
RSL,Lopez,Benjamin,F,48500.0,51105.43,2014
KC,Lopez,Mikey,M,85000.0,157000.0,2014
TOR,Lovitz,Daniel,M,36504.0,36504.0,2014
SEA,Lowe,Damion,D,57500.0,68500.0,2014
DAL,Loyd,Zach,M,155000.0,176666.67,2014
NY,Lozano,Armando,D,120000.0,130000.0,2014
DAL,Luccin,Peter,M,75000.0,114333.33,2014
NY,Luyindula,Peguy,F,90000.0,90000.0,2014
PHI,MacMath,Zac,GK,120000.0,120000.0,2014
CHI,Magee,Mike,F,350000.0,417500.0,2014
PHI,Maidana,Cristian,F,185000.0,198750.0,2014
MTL,Mallace,Calum,M,50848.0,65848.0,2014
VAN,Manneh,Kekuta,F,70000.0,99500.0,2014
TOR,Mannella,Chris,M,36504.0,36504.0,2014
RSL,Mansally,Kenny,F,65000.0,72000.0,2014
MTL,Mapp,Justin,M,162250.0,174750.0,2014
PHI,Marquez,Richard,D,36504.0,36504.0,2014
SEA,Marshall,Chad,D,270000.0,286666.67,2014
DC,Martin,Collin,M,55000.0,69166.67,2014
COL,Martin,Jose,M,230000.0,261000.0,2014
MTL,Martins,Felipe,M,160000.0,192500.0,2014
SEA,Martins,Obafemi,F,1620000.0,1753333.33,2014
VAN,Mattocks,Darren,F,140000.0,232000.0,2014
RSL,Maund,Aaron,D,36500.0,40250.0,2014
PHI,Mbolhi,Rais,GK,240000.0,240000.0,2014
LA,McBean,Jack,F,48500.0,48500.0,2014
NE,McCarthy,Stephen,M,101332.0,132582.0,2014
NY,McCarty,Dax,M,200000.0,242500.0,2014
MTL,McInerney,Jack,F,230000.0,294166.67,2014
POR,McKenzie,Rauwshan,D,48825.0,48825.0,2014
PHI,McLaughlin,James,M,66000.0,75000.0,2014
CHV,McNamara,Thomas,M,48500.0,60000.0,2014
NY,Meara,Ryan,GK,68250.0,69500.0,2014
KC,Medranda,Jimmy,M,48504.0,48504.0,2014
,Melia,Tim,GK,70000.0,75000.0,2014
LA,Mendiola,Raul,F,36500.0,36500.0,2014
CLB,Meram,Justin,F,67452.0,91827.0,2014
SJ,Meredith,Bryan,GK,48500.0,48500.0,2014
MTL,Messoudi,Zakaria,M,36504.0,36504.0,2014
LA,Meyer,Tommy,D,50848.0,64598.0,2014
VAN,Mezquida,Nicolas,M-F,65000.0,65000.0,2014
NY,Miazga,Matt,D,65000.0,71250.0,2014
MTL,Miller,Eric,M/D,57500.0,68500.0,2014
NY,Miller,Roy,M,200000.0,200000.0,2014
CHV,Minda,Oswaldo,M,150000.0,168750.0,2014
VAN,Mitchell,Carlyle,D,48825.0,50075.0,2014
DAL,Moffat,Adam,M,165000.0,176608.33,2014
ORL,Molino,Kevin,M,60000.0,71400.0,2014
COL,Moor,Drew,D,235000.0,247000.0,2014
TOR,Moore,Luke,F,120000.0,128333.33,2014
RSL,Morales,Javier,M,300000.0,300000.0,2014
VAN,Morales,Pedro,M,1190000.0,1410900.0,2014
TOR,Morgan,Ashtone,D,80000.0,92000.0,2014
TOR,Morrow,Justin,D,160000.0,169562.5,2014
RSL,Mulholland,Luke,M,55000.0,56250.0,2014
COL,Mullan,Brian,M,48500.0,48500.0,2014
SJ,Muller,Tommy,D,48500.0,48500.0,2014
NE,Mullins,Patrick,F,70000.0,100000.0,2014
KC,Munoz,Victor,M,36504.0,36504.0,2014
COL,Mwanga,Danny,F,130000.0,171250.0,2014
KC,Myers,Chance,D-M,160000.0,185000.0,2014
KC,Nagamura,Paulo,M,220000.0,220000.0,2014
POR,Nagbe,Darlington,M/F,250000.0,260000.0,2014
MTL,Nakajima-Farran,Issey,M,90000.0,110000.0,2014
POR,Nanchoff,Michael,M,48825.0,48825.0,2014
COL,Nasco,Joe,GK,50000.0,52693.83,2014
SEA,Neagle,Lamar,M,110000.0,110000.0,2014
DC,Neal,Lewis,M,100000.0,106440.63,2014
COL,Neeskens,John,D,42504.0,42504.0,2014
NE,Neumann,Stephen,M-F,65000.0,86250.0,2014
NE,Nguyen,Lee,M/F,175000.0,193750.0,2014
PHI,Nogueira,Vincent,M,330000.0,330000.0,2014
CHV,Nwiloh,Michael,D,36504.0,36504.0,2014
CHI,Nyarko,Patrick,F,265000.0,284500.0,2014
CHI,Nyassi,Sanna,M,147000.0,154625.0,2014
NY,Obekop,Marius,M,36500.0,41500.0,2014
VAN,O'Brien,Andy,D,250000.0,280000.0,2014
SEA,Ockford,Jimmy,D,36504.0,36504.0,2014
TOR,Oduro,Dominic,F,250000.0,251666.67,2014
SEA,Okoli,Sean,F,48500.0,48750.0,2014
PHI,Okugo,Amobi,M,145000.0,228000.0,2014
NY,Olave,Jamison,D,280000.0,290000.0,2014
KC,Olum,Lawrence,M/D,48825.0,48825.0,2014
COL,O'Neill,Shane,M,56250.0,67750.0,2014
KC,Opara,Ike,D,97500.0,103750.0,2014
DC,Opare,Kofi,D,48500.0,48500.0,2014
POR,O'Rourke,Danny,D,55008.0,55008.0,2014
TOR,Orr,Bradley,D,75000.0,75000.0,2014
TOR,Osorio,Jonathan,M,135000.0,142599.68,2014
MTL,Ouimette,Karl,D,48825.0,48825.0,2014
VAN,Ousted,David,GK,250000.0,266156.25,2014
HOU,Ownby,Brian,M,48825.0,48825.0,2014
CLB,Paladini,Daniel,M,75000.0,76666.67,2014
CHI,Palmer,Lovel,M,82500.0,87000.0,2014
KC,Palmer-Brown,Erik,D,48500.0,49000.0,2014
POR,Paparatto,Norbeto,D,100000.0,100000.0,2014
SEA,Pappa,Marco,M,75000.0,75000.0,2014
DC,Parke,Jeff,D,215000.0,235500.0,2014
CLB,Parkhurst,Michael,D,275000.0,300000.0,2014
SEA,Parsemain,Kevin,F,48504.0,54486.81,2014
CHI,Pause,Logan,M,75000.0,75000.0,2014
MTL,Pearce,Heath,D,100000.0,100000.0,2014
POR,Peay,Taylor,D,36500.04,36500.04,2014
CHV,Pelletieri,Agustin,M,90000.0,90000.0,2014
LA,Penedo,Jaime,GK,135000.0,138562.5,2014
DAL,Pereira,Michel,M/D,120000.0,141500.0,2014
DAL,Perez,Blas,F,335000.0,359250.0,2014
SJ,Perez,Matias,M,216000.0,216000.0,2014
LA,Perk,Brian,GK,60000.0,63125.0,2014
MTL,Perkins,Troy,GK,250000.0,271833.33,2014
NY,Perrinelle,Damien,D,100008.0,100008.0,2014
KC,Peterson,Jacob,F,110000.0,114833.33,2014
PHI,Pfeffer,Zach,M,75000.0,85000.0,2014
MTL,Piatti,Ignacio,M,387500.0,387500.0,2014
SJ,Pierazzi,Jean Baptiste,M,240000.0,240000.0,2014
COL,Piermayr,Thomas,D,70008.0,74429.56,2014
SEA,Pineda,Gonzalo,M,80000.0,80000.0,2014
CHI,Pineda,Victor,M,60000.0,66742.42,2014
SJ,Pintos,Pablo,D,60000.0,122500.0,2014
RSL,Plata,Joao,F,70000.0,70000.0,2014
CLB,Pogatetz,Emanuel,D,360000.0,372500.0,2014
CHI,Pongolle,Florent,F,72000.0,81000.0,2014
DC,Pontius,Chris,M-F,350000.0,381000.0,2014
DC,Porter,Kyle,M,52313.0,60955.71,2014
POR,Powell,Alvas,D,48828.0,48828.0,2014
COL,Powers,Dillon,M,95150.0,127650.0,2014
ORL,Redding,Tommy,D,36500.0,44000.0,2014
SEA,Remick,Dylan,D,36500.0,36500.0,2014
CHV,Reo-Coker,Nigel,D-M,400000.0,446500.0,2014
CHI,Reynish,Kyle,GK,74000.0,78316.67,2014
PHI,Ribeiro,Pedro,M,36504.0,36504.0,2014
LA,Ribeiro Da Silva,Leonardo,D,105000.0,105000.0,2014
TOR,Richter,Ryan,F,48500.0,48500.0,2014
POR,Ricketts,Donovan,GK,260000.0,260000.0,2014
POR,Ridgewell,Liam,D,1200000.0,1200000.0,2014
LA,Riley,James,D,80000.0,80000.0,2014
RSL,Rimando,Nick,GK,225000.0,235833.33,2014
CHI,Ritter,Chris,M,48500.0,48500.0,2014
CHV,Rivero,Martin,M,50004.0,50004.0,2014
TOR,Roberts,Quillan,GK,36504.0,36504.0,2014
DC,Robinson,Jalen,D,55000.0,67000.0,2014
NY,Robles,Luis,GK,100000.0,125000.0,2014
MTL,Rodriguez,Adrian Lopez,D,240000.0,291250.0,2014
LA,Rogers,Robbie,F,160000.0,167500.0,2014
DC,Rolfe,Chris,F,210000.0,225000.0,2014
MTL,Romero,Andres,F,60000.0,60000.0,2014
VAN,Rosales,Mauro,M,450000.0,450000.0,2014
SEA,Rose,Andy,M,48825.0,48825.0,2014
LA,Rowe,Brian,GK,48825.0,48825.0,2014
NE,Rowe,Kelyn,M,100000.0,181000.0,2014
LA,Rugg,Charlie,F,48500.0,48500.0,2014
KC,Saad,Soony,F,51150.0,51150.0,2014
RSL,Saborio,Alvaro,F,360000.0,453333.33,2014
HOU,Salazar,Bryan,F,48825.0,49825.0,2014
RSL,Salcedo,Carlos,D,48500.0,48500.0,2014
VAN,Salgado,Omar,F,100000.0,141868.67,2014
SJ,Salinas,Shea,M,130000.0,133333.33,2014
NY,Sam,Lloyd,F,136500.0,136500.0,2014
VAN,Sampson,Ethen,D,36504.0,36504.0,2014
NE,Sanchez,Jossimar,D,36504.0,36504.0,2014
COL,Sanchez,Vincente,F,210000.0,286666.67,2014
RSL,Sandoval,Devon,F,48500.0,48500.0,2014
KC,Sapong,CJ,F,95000.0,112000.0,2014
HOU,Sarkodie,Kofi,D,150000.0,195500.0,2014
LA,Sarvas,Marcelo,M,192500.0,192500.0,2014
NYCFC,Saunders,Josh,GK,48504.0,48504.0,2014
CLB,Schoenfeld,Aaron,F,48825.0,48825.0,2014
SJ,Schuler,Billy,F,48500.0,48500.0,2014
RSL,Schuler,Chris,D,145000.0,162000.0,2014
SEA,Scott,Zach,D,52500.0,52500.0,2014
DC,Seaton,Michael,F,48500.0,51500.0,2014
CHI,Segares,Gonzalo,D,160000.0,173333.33,2014
DAL,Seitz,Chris,GK,105000.0,105000.0,2014
NY,Sekagya,Ibrahim,D,190000.0,219000.0,2014
NY,Sene,Saer,F,152145.0,163682.54,2014
COL,Serna,Dillon,M,52500.0,65500.0,2014
DC,Shanosky,Conor,D,36500.0,36500.0,2014
HOU,Sherrod,Mark,F,48504.0,48504.0,2014
CHI,Shipp,Harrison,F,70000.0,95000.0,2014
NE,Shuttleworth,Robert,GK,90000.0,100000.0,2014
DC,Silva,Luis,M,99440.0,134440.0,2014
KC,Sinovic,Seth,M-D,125000.0,131750.0,2014
MTL,Smith,Blake,M,51150.0,84900.0,2014
NE,Smith,Donnie,M,36500.0,36500.0,2014
NE,Soares,AJ,D,119180.0,159180.0,2014
NE,Soffner,Luis,GK,36500.0,36500.0,2014
MTL,Soriola,Gege,D,120000.0,120000.0,2014
LA,Sorto,Oscar,D,48825.0,50700.0,2014
CHI,Soumare,Bakary,D,330000.0,370000.0,2014
DAL,Span,Brian,M,48500.0,48500.0,2014
CHV,Spangenberg,Trevor,GK,36504.0,36504.0,2014
CLB,Speas,Ben,F,65100.0,65100.0,2014
SJ,Stephenson,Khari,M,65004.0,68336.02,2014
RSL,Stertzer,John,M,36500.0,45875.0,2014
KC,Steuble,Martin,M,120000.0,120000.0,2014
NY,Stevenson,Eric,M,36504.0,36504.0,2014
SJ,Stewart,Jordan,M-D,140000.0,140000.0,2014
CHV,Sturgis,Nathan,D-M,114000.0,120333.33,2014
CLB,Stuver,Brad,GK,48500.0,48500.0,2014
NE,Sundly,Alec,M,36504.0,36504.0,2014
CLB,Sweat,Ben,D,48500.0,48500.0,2014
HOU,Taylor,Jermaine,D,185000.0,194500.0,2014
NE,Taylor,Tony,F,69996.0,79371.0,2014
CLB,Tchani,Tony,M,150000.0,175000.0,2014
VAN,Teibert,Russell,M,70000.0,75600.0,2014
DAL,Texeira,David,F,338000.0,338000.0,2014
DAL,Thomas,Hendry,M,180000.0,180000.0,2014
SJ,Thompson,Tommy,M,140000.0,145000.0,2014
NE,Tierney,Chris,D-M,100000.0,103333.33,2014
MTL,Tissot,Maxim,D,48500.0,48500.0,2014
CHV,Toia,Donny,D,36500.0,36500.0,2014
DAL,Top,Jonathan,F,36500.0,36500.0,2014
VAN,Tornaghi,Paolo,GK,72000.0,72000.0,2014
CHV,Torres,Erick,F,152004.0,152004.0,2014
COL,Torres,Gabriel,F,250000.0,262500.0,2014
SEA,Traore,Djimi,D,132000.0,132000.0,2014
CLB,Trapp,Wil,M,125000.0,152000.0,2014
POR,Tshuma,Schillo,F,75000.0,113000.0,2014
CHV,Tyrpak,Kristopher,F,36504.0,36504.0,2014
DAL,Ulloa,Victor,M,36504.0,36504.0,2014
POR,Urruti,Maximiliano,F,200000.04,200000.04,2014
PHI,Valdes,Carlos,D,294999.96,294999.96,2014
POR,Valeri,Diego,M,500000.0,500000.0,2014
COL,Van de Casteele,Grant,D,48500.0,60000.0,2014
RSL,Velasquez,Sebastian,M,48825.0,48825.0,2014
LA,Venter,Kyle,D,48500.0,61000.0,2014
CLB,Viana,Agustin,D-M,115000.0,141666.67,2014
NYCFC,Villa,David,F,60000.0,60000.0,2014
POR,Villafana,Jorge,F,72765.0,74431.67,2014
LA,Villarreal,Joseph,M,48825.0,50700.0,2014
CLB,Wahl,Tyson,D,85000.0,89666.67,2014
LA,Walker,Kenney,M,48825.0,48825.0,2014
CLB,Walker,Matt,M,36500.0,36500.0,2014
DAL,Walker,Nick,D,36500.0,36500.0,2014
POR,Wallace,Rodney,M-D,150000.0,175000.0,2014
CHI,Ward,Grant,F,48500.0,48500.0,2014
TOR,Warner,Collen,M-F,115500.0,143000.0,2014
VAN,Waston,Kendall,D,199992.0,201242.0,2014
CHI,Watson,Matt,M,71663.0,82664.99,2014
DAL,Watson,JeVaughn,M,110000.0,126875.0,2014
NYCFC,Watson-Siriboe,Kwame,D,55000.0,56666.67,2014
COL,Watts,Jared,M,36500.0,36500.0,2014
SEA,Weaver,Cam,F,48504.0,49004.0,2014
POR,Weber,Andrew,GK,48500.04,48500.04,2014
PHI,Wenger,Andrew,D/F,140000.0,242000.0,2014
PHI,Wheeler,Aaron,F,48825.0,48825.0,2014
PHI,White,Ethan,D,80000.0,80000.0,2014
TOR,Wiedeman,Andrew,F,60500.0,70500.0,2014
CLB,Wiet,Matt,D,48500.0,48500.0,2014
CLB,Williams,Josh,D,125000.0,125000.0,2014
PHI,Williams,Sheanon,F,125000.0,130500.0,2014
DC,Willis,Joe,GK,48825.0,48825.0,2014
RSL,Wingert,Chris,D,163590.0,170590.0,2014
POOL,Withrow,Daniel,GK,36504.0,36504.0,2014
SJ,Wondolowski,Chris,M,600000.0,650000.0,2014
NY,Wright-Phillips,Bradley,F,330000.0,372500.0,2014
COL,Wynne,Marvell,D,200000.0,285000.0,2014
SEA,Yedlin,DeAndre,D,80000.0,92000.0,2014
POR,Zakuani,Steve,F,120000.0,120000.0,2014
LA,Zardes,Gyasi,F,125000.0,198000.0,2014
CHV,Zavaleta,Eriq,F,75000.0,105600.0,2014
POR,Zemanski,Ben,M,80850.0,83350.0,2014
DAL,Zendejas,Alejandro,F,36504.0,53170.67,2014
DAL,Zimmerman,Walker,D,80000.0,160100.0,2014
KC,Zizzo,Sal,F,77000.0,91045.71,2014
KC,Zusi,Graham,F-M,600000.0,631388.89,2014
NY,Abang,Anatole,F,50000.0,50000.0,2015
KC,Abdul-Salaam,Saad,D,60000.0,73750.0,2015
CHI,Accam,David,F,650000.0,720937.5,2015
DAL,Acosta,Kellyn,M,60000.0,84000.0,2015
VAN,Adekugbe,Samuel,D,60000.0,65000.0,2015
POR,Adi,Fanendo,F,651500.0,664000.0,2015
CLB,Afful,Harrison,D,150000.0,150000.0,2015
NE,Agudelo,Juan,F,400000.0,427500.0,2015
DC,Aguilar,Miguel,M,60000.0,60000.0,2015
DAL,Akindele,Tesho,F,70000.0,87500.0,2015
SJ,Alashe,Fatai,M,60000.0,76250.0,2015
HOU,Alex,,M,142000.0,142000.0,2015
MTL,Alexander,Eric,M,140000.0,153750.0,2015
RSL,Allen,Jordan,M/F,80000.0,90000.0,2015
NYCFC,Allen,RJ,D,60000.0,60000.0,2015
SEA,Alonso,Osvaldo,M,748000.0,789667.0,2015
NE,Alston,Kevin,D,140000.0,158333.33,2015
TOR,Altidore,Jozy,F,4750000.0,4750000.0,2015
COL,Alvarez,Carlos,M,70000.0,70000.0,2015
NYCFC,Alvarez,Pablo,M,60000.0,63045.09,2015
SJ,Amarikwa,Quincy,F,100000.0,100000.0,2015
KC,Anibaba,Jalil,D,120000.0,150000.0,2015
KC,Anor,Bernardo,M,135000.0,135000.0,2015
TOR,Aparicio,Manuel,M,60000.0,60000.0,2015
PHI,Aristeguieta,Fernando,F,350004.0,350004.0,2015
DC,Arnaud,Davy,M,212500.0,212500.0,2015
DC,Arrieta,Jairo,F,150000.0,165000.0,2015
ORL,Ashe,Corey,M,180000.0,189750.0,2015
POR,Asprilla,Dairon,F,60000.0,60000.0,2015
RSL,Attinella,Jeff,GK,60000.0,65083.33,2015
ORL,Avila,Eric,M,72000.0,77000.0,2015
PHI,Ayuk,Eric,M,50000.0,50000.0,2015
SEA,Azira,Michael,D,60000.0,62826.88,2015
COL,Badji,Dominique,F,50000.0,50000.0,2015
NYCFC,Ballouchy,Mehdi,M,68250.0,83250.0,2015
NE,Barnes,Darrius,D,95000.0,101666.67,2015
HOU,Barnes,Giles,M,247500.0,258375.0,2015
PHI,Barnetta,Tranquillo,M,624000.0,661500.0,2015
SJ,Barrera,Leandro,F,60000.0,60000.0,2015
SEA,Barrett,Chad,F,95000.0,100000.0,2015
DAL,Barrios,Michael,M,60000.0,60000.0,2015
CLB,Barson,Chad,D,60000.0,60000.0,2015
HOU,Beasley,DaMarcus,D,750000.0,813333.33,2015
RSL,Beckerman,Kyle,M,625000.0,700000.0,2015
ORL,Bedell,Adam,F,60000.0,60000.0,2015
SEA,Bedinelli,Thomas,M,108000.0,133125.0,2015
VAN,Beitashour,Steven,D,190000.0,197166.67,2015
MTL,Bekker,Kyle,M,61765.0,88015.0,2015
RSL,Beltran,Anthony,D,195000.0,205950.0,2015
TOR,Bendik,Joe,GK,150000.0,157375.0,2015
SJ,Bernardez,Victor,D,200000.0,241600.0,2015
COL,Berner,John,GK,60000.0,60000.0,2015
MTL,Bernier,Patrice,F-M,90000.0,135000.0,2015
PHI,Berry,Austin,D,93519.0,108519.0,2015
KC,Besler,Matt,D,650000.0,683250.0,2015
POR,Besler,Nick,M,65000.0,81250.0,2015
SJ,Bingham,David,GK,130000.0,137750.0,2015
PHI,Bird,Eric,M,60000.0,60000.0,2015
DC,Birnbaum,Steven,D,66000.0,96000.0,2015
MTL,Bitolo,Ambroise,D,100000.0,100000.0,2015
PHI,Blake,Andre,GK,85000.0,123000.0,2015
TOR,Bloom,Mark,D,90000.0,97348.89,2015
ORL,Boden,Luke,D,75000.0,75000.0,2015
HOU,Boniek Garcia,Oscar,F,245000.0,303750.0,2015
TOR,Bono,Alex,GK,60000.0,80200.0,2015
POR,Borchers,Nat,D,235000.0,245000.0,2015
DC,Boswell,Bobby,D,200000.0,200000.0,2015
TOR,Bradley,Michael,M,6000000.0,6500000.0,2015
NYCFC,Brandt,Connor,M,50000.0,50000.0,2015
NYCFC,Brovsky,Jeb,M,122500.0,129125.0,2015
HOU,Bruin,Will,F,140000.0,185000.0,2015
CHI,Bryce,Kingsley,M,50000.0,50000.0,2015
LA,Buddle,Edson,F,100000.0,106250.0,2015
NE,Bunbury,Teal,F,195000.0,240000.0,2015
COL,Burch,Marc,D,110000.0,110000.0,2015
COL,Burling,Bobby,D,132500.0,140000.0,2015
CHI,Busch,Jon,GK,85000.0,90000.0,2015
MTL,Bush,Evan,GK,100000.0,100000.0,2015
VAN,Bustos,Marco,M,50000.0,54850.0,2015
MTL,Cabrera,Victor,D,60000.0,60000.0,2015
NE,Caldwell,Scott,M,60000.0,67500.0,2015
NYCFC,Calle,Javier,M,200000.0,225750.0,2015
COL,Calvert,Caleb,F,65000.0,72500.0,2015
MTL,Camara,Hassoun,D/M,235000.0,246625.0,2015
CLB,Campbell,Sergio,D/M,50000.0,52500.0,2015
VAN,Carducci,Marco,GK,60000.0,60000.0,2015
ORL,Carrasco,Servando,M,80750.0,85375.0,2015
PHI,Carreiro,Fred,M,60000.0,60000.0,2015
PHI,Carroll,Brian,M,150000.0,150000.0,2015
ORL,Cascio,Tony,M,78529.0,112279.0,2015
PHI,Casey,Conor,F,180000.0,180000.0,2015
NY,Castano,Santiago,GK,60000.0,60000.0,2015
DAL,Castillo,Fabian,F,145000.0,160000.0,2015
PHI,Catic,Dzenan,F,60000.0,75000.0,2015
SJ,Cato,Cordell,F,60000.0,60000.0,2015
ORL,Ceren,Darwin,M,66000.0,96437.5,2015
TOR,Chapman,Jay,M,70000.0,88500.0,2015
POR,Chara,Diego,M,170000.0,170000.0,2015
TOR,Cheyrou,Benoit,M,249999.96,259333.29,2015
MTL,Ciman,Laurent,D,370000.0,401666.67,2015
DAL,Cirigliano,Ezequiel,M,124999.92,167999.92,2015
HOU,Clark,Ricardo,M,304000.0,337750.0,2015
CLB,Clark,Steve,GK,170000.0,188333.33,2015
VAN,Clarke,Caleb,F,60000.0,60000.0,2015
HOU,Cochran,AJ,D,60375.0,76375.0,2015
CHI,Cochrane,Greg,D,60000.0,60000.0,2015
CHI,Cocis,Razvan,M,220000.0,226666.67,2015
ORL,Collin,Aurelien,D,500000.0,525000.0,2015
MTL,Cooper,Kenny,F,220000.0,285625.0,2015
DC,Coria,Facundo,M,60000.0,70375.0,2015
SEA,Correa,Andres,D,60000.0,68166.67,2015
DAL,Craft,Coy,F,60000.0,77083.33,2015
SEA,Craven,Andy,F,60000.0,60000.0,2015
PHI,Creavalle,Warren,D,108500.0,119000.0,2015
MTL,Crepeau,Maxime,GK,60000.0,60000.0,2015
COL,Cronin,Sam,M,200000.0,202500.0,2015
PHI,Cruz,Danny,M,125000.0,131666.67,2015
CHI,Cyrus,Daneil,D,72000.0,77833.33,2015
NE,Davies,Charlie,F,78750.0,82759.53,2015
HOU,Davis,Brad,M,400000.0,445500.0,2015
NY,Davis,Sean,M,80000.0,97500.0,2015
KC,de Jong,Marcel,D,180000.0,191500.0,2015
VAN,Dean,Christian,D,95000.0,176000.0,2015
LA,DeLaGarza,AJ,D,200000.0,202500.0,2015
DC,DeLeon,Nick,M,116259.0,151259.0,2015
TOR,Delgado,Marco,M,80000.0,82500.0,2015
SEA,Dempsey,Clint,F,3913008.0,4605941.5,2015
HOU,Deric,Tyler,GK,105000.0,112666.67,2015
KC,Dia,Amadou,D,50000.0,50000.0,2015
DAL,Diaz,Mauro,M,364000.0,442400.0,2015
,Dike,Bright,F,60638.0,64388.0,2015
NYCFC,Diskerud,Mix,M,750000.0,750000.0,2015
MTL,Donadel,Marco,M,190003.92,226670.59,2015
ORL,Donovan,Conor,D,80000.0,108000.0,2015
CHI,Doody,Patrick,D,50000.0,50000.0,2015
NE,Dorman,Andy,M,145000.0,145000.0,2015
LA,Dos Santos,Giovani,M,4000008.0,5750008.0,2015
DC,Doyle,Conor,F,60000.0,61250.0,2015
COL,Doyle,Kevin,F,1125000.0,1170000.0,2015
MTL,Drogba,Didier,F,1666668.0,2166668.0,2015
MTL,Duka,Dilaver,M,175000.0,200000.0,2015
LA,Dunivant,Todd,D,185000.0,205750.0,2015
NY,Duvall,Chris,D,60000.0,60000.0,2015
KC,Dwyer,Dom,F,400000.0,518750.0,2015
DC,Dykstra,Andrew,GK,60000.0,60000.0,2015
DAL,Earle,Otis,D,60000.0,77125.0,2015
VAN,Earnshaw,Robert,F,100000.0,100000.0,2015
PHI,Edu,Maurice,M,700000.0,768750.0,2015
ORL,Edwards,Earl,GK,50000.0,50000.0,2015
KC,Ellis,Kevin,D,60000.0,63150.0,2015
COL,Eloundou,Charles,F,60000.0,65000.0,2015
SJ,Emeghara,Innocent,F,988000.0,1300000.0,2015
DAL,Escobar,Rolando,M,180000.0,185000.0,2015
DC,Espindola,Fabian,F,175000.0,175000.0,2015
KC,Espinoza,Roger,M,750000.0,750000.0,2015
SEA,Evans,Brad,F,276665.0,302666.25,2015
PHI,Fabinho,Fabinho,D,114000.0,118500.0,2015
NYCFC,Facey,Shay,D,120000.0,120000.0,2015
NE,Fagundez,Diego,F,125000.0,152200.0,2015
DC,Farfan,Michael,M,120000.0,120000.0,2015
NE,Farrell,Andrew,D,117500.0,198500.0,2015
KC,Feilhaber,Benny,M,350000.0,362187.5,2015
PHI,Fernandes,Leo,M,60000.0,60000.0,2015
CHI,Fernandez,Collin,M,65000.0,67000.0,2015
RSL,Fernandez,Eduardo,GK,60000.0,60000.0,2015
COL,Figueroa,Maynor,D,99996.0,99996.0,2015
CHI,Filho,Adailton,D,200000.0,244500.0,2015
TOR,Findley,Robbie,F,225000.0,255500.0,2015
CLB,Finlay,Ethan,F,135000.0,142500.0,2015
SEA,Fisher,Oniel,D,50000.0,50000.0,2015
VAN,Flores,Deybi,M,60000.0,60000.0,2015
POR,Fochive,George,M,50000.0,50000.0,2015
ORL,Ford,Josh,GK,60000.0,60000.0,2015
SJ,Francis,Shaun,D,60000.0,62940.32,2015
CLB,Francis,Waylon,D,144000.0,170166.67,2015
DC,Franklin,Sean,D,202500.0,234166.67,2015
SEA,Frei,Stefan,GK,165000.0,165000.0,2015
SEA,Friberg,Erik,M,180000.0,202500.0,2015
VAN,Froese,Kianz,M-F,60000.0,64500.0,2015
SJ,Fucito,Michael,MF,60638.0,63527.8,2015
PHI,Gaddis,Raymon,D,130000.0,132500.0,2015
MTL,Gagnon-Lapare,Jeremy,M,60000.0,64000.0,2015
CLB,Gall,Romain,M,60000.0,63420.08,2015
DAL,Garcia,Danny,M,70000.0,86000.0,2015
RSL,Garcia,Olmes,F,130000.0,130000.0,2015
LA,Garcia,Rafael,M,60000.0,60000.0,2015
LA,Gargan,Dan,D,125000.0,125000.0,2015
HOU,Garrido,Luis,M,150000.0,150000.0,2015
CHI,Gehrig,Eric,M,95000.0,100833.33,2015
CLB,George,Kevan,M,60000.0,60000.0,2015
LA,Gerrard,Steven,M,6200004.0,6332504.0,2015
RSL,Gil,Luis,M,240000.0,335083.33,2015
TOR,Giovinco,Sebastian,M,5600000.0,7115555.67,2015
RSL,Glad,Justen,D,60000.0,71000.0,2015
POR,Gleeson,Jake,GK,72600.0,72600.0,2015
SJ,Godoy,Anibal,M,204000.0,204000.0,2015
TOR,Gomez,Herculez,F,240000.0,261000.0,2015
SJ,Gomez,Tomas,GK,50000.0,50000.0,2015
TOR,Goncalves,Jackson,D,165000.0,192500.0,2015
NE,Goncalves,Jose,D,450000.0,479375.0,2015
DAL,Gonzalez,Jesse,GK,60000.0,69375.0,2015
SEA,Gonzalez,Leonardo,D,165000.0,165000.0,2015
LA,Gonzalez,Omar,D,1200000.0,1450000.0,2015
SJ,Goodson,Clarence,D,315000.0,342000.0,2015
LA,Gordon,Alan,F,175000.0,175000.0,2015
NYCFC,Grabavoy,Ned,M,200000.0,215000.0,2015
COL,Greenspan,Joseph,D,50000.04,50000.04,2015
NY,Grella,Mike,F,60000.0,60000.0,2015
TOR,Hagglund,Nick,D,60000.0,60000.0,2015
COL,Hairston,Marlon,M,80000.0,103000.0,2015
NE,Hall,Jeremy,D,70000.0,70000.0,2015
ORL,Hall,Tally,GK,215000.0,228500.0,2015
KC,Hallisey,Connor,M,60000.0,73750.0,2015
DC,Halsti,Markus,M,275000.0,336833.33,2015
DC,Hamid,Bill,GK,360000.0,405500.0,2015
TOR,Hamilton,Jordan,F,63000.0,75500.0,2015
CHI,Harden,Ty,D,71663.0,75078.2,2015
COL,Harrington,Michael,M-D,130000.0,130000.0,2015
DAL,Harris,Atiba,M-F,130000.0,130000.0,2015
VAN,Harvey,Jordan,D,150000.0,150000.0,2015
ORL,Heath,Harrison,M,60000.0,60000.0,2015
DAL,Hedges,Matt,D,135000.0,135000.0,2015
NE,Herivaux,Zachary,M,60000.0,60000.0,2015
NYCFC,Hernandez,Jason,D,175000.0,185000.0,2015
DAL,Hernandez,Moises,D,60000.0,61625.0,2015
CLB,Higuain,Federico,M-F,1175000.0,1175000.0,2015
ORL,Higuita,Cristian,M,60000.0,60000.0,2015
ORL,Hines,Sebastian,D,108576.0,109826.0,2015
HOU,Hoffman,Chandler,F,60000.0,60000.0,2015
DAL,Hollingshead,Ryan,M,60000.0,60000.0,2015
PHI,Hoppenot,Antoine,F,60000.0,60000.0,2015
HOU,Horst,David,D,78750.0,81500.0,2015
HOU,Hunter,Taylor,D,50000.0,50000.0,2015
VAN,Hurtado,Erik,F/M,78265.0,113265.0,2015
,Hurtado,Jhon Kennedy,D,230000.0,230000.0,2015
LA,Husidic,Baggio,M,125000.0,125000.0,2015
CHI,Igboananike,Kennedy,F,800000.0,901666.67,2015
NYCFC,Iraola,Andoni,D,200004.0,200004.0,2015
COL,Irwin,Clint,GK,85000.0,97000.0,2015
SEA,Ivanschitz,Andreas,M,180000.0,201250.0,2015
MTL,Jackson-Hamel,Anthony,F,60000.0,60000.0,2015
NYCFC,Jacobson,Andrew,M,150000.0,150000.0,2015
SJ,Jahn,Adam,F,60000.0,60000.0,2015
RSL,Jaime,Sebastian,F,200000.0,266666.67,2015
LA,Jamieson,Bradford,F,60000.0,60000.0,2015
DC,Jeffrey,Jared,M,68250.0,74450.0,2015
POR,Jewsbury,Jack,D,120000.0,137500.0,2015
CLB,Jimenez,Hector,M,90000.0,90000.0,2015
NYCFC,Johansen,Eirik,GK,50000.04,50000.04,2015
CHI,Johnson,Jason,F,90000.0,131000.0,2015
CHI,Johnson,Sean,GK,250000.0,253000.0,2015
POR,Johnson,Will,F,314000.0,334333.33,2015
SEA,Jones,Darwin,F,60000.0,66250.0,2015
NE,Jones,Jermaine,M,2800000.0,3052500.0,2015
CHI,Jones,Joevin,M,60000.0,66166.67,2015
LA,Juninho,,M,350000.0,350000.0,2015
CHI,Junior,Gilberto,F,1144992.0,1144992.0,2015
VAN,Kah,Pa Modou,D,170000.0,170000.0,2015
ORL,Kaka,,M,6660000.0,7167500.0,2015
CLB,Kamara,Kei,F,400000.0,536666.67,2015
CHI,Kann,Alec,GK,60000.0,60000.0,2015
TOR,Kantari,Ahmed,D,300000.0,345000.0,2015
RSL,Kavita,Phanuel,D,50000.0,50000.0,2015
LA,Keane,Robbie,F,4500000.0,4500000.0,2015
DAL,Keel,Stephen,D,60000.0,60000.0,2015
DC,Kemp,Taylor,D,60000.0,60000.0,2015
KC,Kempin,Jonathan,GK,85000.0,92083.33,2015
DAL,Kennedy,Dan,GK,233000.0,233000.0,2015
DC,Kitchen,Perry,D,172000.0,257450.0,2015
NY,Kljestan,Sacha,M,400000.0,537500.0,2015
CLB,Klute,Chris,D,82500.0,87802.09,2015
NE,Knighton,Brad,GK,82005.0,82005.0,2015
NE,Kobayashi,Daigo,M,135000.0,146666.67,2015
VAN,Koffie,Gershon,M,230000.0,241000.0,2015
TOR,Konopka,Chris,GK,66000.0,66000.0,2015
DC,Korb,Chris,D,99000.0,106479.83,2015
SJ,Koval,JJ,M,60000.0,60000.0,2015
SEA,Kovar,Aaron,M,60000.0,60200.0,2015
MTL,Kronberg,Eric,GK,132000.0,132000.0,2015
POR,Kwarasey,Adam,GK,260000.0,260000.0,2015
VAN,Laba,Matias,M,325000.0,325000.0,2015
COL,LaBrocca,Nick,M,160000.0,180000.0,2015
NY,Lade,Connor,D,60638.0,64891.01,2015
PHI,Lahoud,Michael,M,108900.0,112233.33,2015
ORL,Lameira,Valdomiro,M,50000.0,50000.0,2015
NYCFC,Lampard,Frank,M,6000000.0,6000000.0,2015
CLB,Lampson,Matt,GK,60000.0,60000.0,2015
CHI,Larentowicz,Jeff,D,265000.0,271000.0,2015
ORL,Larin,Cyle,F,125000.0,167000.0,2015
NY,Lawrence,Kemar,D,60000.0,60000.0,2015
PHI,Le Toux,Sebastien,M,275000.0,285228.13,2015
MTL,Lefevre,Wandrille,M,60000.0,60000.0,2015
SJ,Lenhart,Steven,F,150000.0,159083.33,2015
CLB,Lev-Ari,Sagi,F,60000.0,60000.0,2015
VAN,Lewis,Andre,M,60000.0,75000.0,2015
HOU,Lisch,Michael,GK,60000.0,60000.0,2015
LA,Lletget,Sebastian,M,95000.04,100500.04,2015
,Lochhead,Tony,D,134375.0,134375.0,2015
HOU,Lopez,Alexander,M,115500.0,135500.0,2015
KC,Lopez,Mikey,M,100000.0,172000.0,2015
HOU,Lovejoy,Rob,M,50000.0,50000.0,2015
TOR,Lovitz,Daniel,M,60000.0,60000.0,2015
SEA,Lowe,Damion,D,60375.0,71375.0,2015
DAL,Loyd,Zach,M,175000.0,196666.67,2015
SEA,Lyon,Charlie,GK,50000.0,50000.0,2015
CLB,Mabwati,Cedrick,M,201428.52,220178.52,2015
COL,MacMath,Zac,GK,130000.0,130000.0,2015
LA,Maganto,Ignacio,M,60000.0,60000.0,2015
CHI,Magee,Mike,F,400000.0,467500.0,2015
PHI,Maidana,Cristian,F,203500.0,217250.0,2015
MTL,Mallace,Calum,M,60000.0,75000.0,2015
VAN,Manneh,Kekuta,F,82500.0,112000.0,2015
TOR,Mannella,Chris,M,60000.0,60000.0,2015
POR,Manning,Anthony,D,50000.04,50000.04,2015
HOU,Manotas,Mauro,F,60000.0,60000.0,2015
RSL,Mansally,Kenny,F,60000.0,66500.0,2015
SEA,Mansaray,Victor,F,50000.0,53500.0,2015
MTL,Mapp,Justin,M,186725.0,199225.0,2015
PHI,Marquez,Richard,D,60000.0,60000.0,2015
SEA,Marshall,Chad,D,275000.0,291666.67,2015
DC,Martin,Collin,M,70000.0,84166.67,2015
RSL,Martinez,Juan Manuel,F,710000.0,1108666.67,2015
NY,Martins,Felipe,M,175000.0,207500.0,2015
SEA,Martins,Obafemi,F,2400000.0,3000000.0,2015
ORL,Mateos,David,D,300000.0,325000.0,2015
VAN,Mattocks,Darren,F,180000.0,272000.0,2015
RSL,Maund,Aaron,D,60000.0,63449.5,2015
PHI,McCarthy,John,GK,60000.0,66250.0,2015
NY,McCarty,Dax,M,220000.0,262500.0,2015
CLB,McInerney,Jack,F,270000.0,334166.67,2015
VAN,McKendry,Ben,M,50000.0,50000.0,2015
PHI,McLaughlin,James,M,60000.0,60000.0,2015
NY,McLaws,Shawn,D,50000.0,50000.0,2015
NYCFC,McNamara,Thomas,M,60000.0,71500.0,2015
NYCFC,Meara,Ryan,GK,71663.0,72913.0,2015
SEA,Mears,Tyrone,D,165000.0,174000.0,2015
KC,Medranda,Jimmy,M,60000.0,60000.0,2015
POR,Melano,Lucas,F,799992.0,799992.0,2015
KC,Melia,Tim,GK,80000.0,84203.33,2015
NYCFC,Mena,Jefferson,D,200000.0,211400.0,2015
LA,Mendiola,Raul,F,60000.0,60400.0,2015
CLB,Meram,Justin,F,165000.0,175000.0,2015
SJ,Meredith,Bryan,GK,60000.0,60000.0,2015
LA,Meyer,Tommy,D,60000.0,73750.0,2015
VAN,Mezquida,Nicolas,M-F,80000.0,80000.0,2015
NY,Miazga,Matt,D,68250.0,74500.0,2015
MTL,Miller,Eric,M/D,60375.0,71375.0,2015
NY,Miller,Roy,M,200000.0,200000.0,2015
HOU,Miranda,Leonel,M,60000.0,60000.0,2015
DC,Mishu,Luke,D,50000.0,50000.0,2015
POOL,Mitchell,Trey,GK,50000.04,50000.04,2015
ORL,Molino,Kevin,M,100000.0,111400.0,2015
COL,Moor,Drew,D,258500.0,270500.0,2015
TOR,Moore,Luke,F,215000.0,235500.0,2015
RSL,Morales,Javier,M,300000.0,300000.0,2015
VAN,Morales,Pedro,M,1190000.0,1410900.0,2015
TOR,Morgan,Ashtone,D,100000.0,112000.0,2015
TOR,Morrow,Justin,D,170000.0,179562.5,2015
NE,Mulgrew,Timothy,F,50000.04,50000.04,2015
RSL,Mulholland,Luke,M,82500.0,83750.0,2015
NYCFC,Mullins,Patrick,F,80000.0,110000.0,2015
KC,Mustivar,Soni,M,250000.0,250000.0,2015
ORL,Mwanga,Danny,F,75000.0,82500.0,2015
KC,Myers,Chance,D-M,170000.0,195000.0,2015
KC,Nagamura,Paulo,M,230000.0,230000.0,2015
POR,Nagbe,Darlington,M/F,244000.0,263000.0,2015
POR,Nanchoff,Michael,M,60000.0,60000.0,2015
SEA,Neagle,Lamar,M,165000.0,167833.33,2015
ORL,Neal,Lewis,M,112500.0,119103.28,2015
KC,Nemeth,Krisztian,F,250000.0,250000.0,2015
NE,Neumann,Steve,M-F,71500.0,92750.0,2015
NE,Nguyen,Lee,M/F,175000.0,193750.0,2015
PHI,Nogueira,Vincent,M,330000.0,330000.0,2015
CHI,Nyarko,Patrick,F,200000.0,215750.0,2015
SJ,Nyassi,Sanna,M,120000.0,126250.0,2015
NY,Obekop,Marius,M,50000.0,50000.0,2015
SEA,Ockford,Jimmy,D,60000.0,60000.0,2015
MTL,Oduro,Dominic,F,250000.0,251666.67,2015
NE,Okoli,Sean,F,50000.0,50000.0,2015
KC,Okugo,Amobi,M,275000.0,300000.0,2015
RSL,Okwuonu,Boyd,D,60000.0,80000.0,2015
HOU,Olabiyi,Rasheed,M,60000.0,60000.0,2015
RSL,Olave,Jamison,D,290000.0,300000.0,2015
KC,Opara,Ike,D,115000.0,121250.0,2015
DC,Opare,Kofi,D,60000.0,60000.0,2015
TOR,Osorio,Jonathan,M,145000.0,152599.68,2015
NY,Ouimette,Karl,D,60000.0,60000.0,2015
VAN,Ousted,David,GK,286000.0,302570.0,2015
RSL,Ovalle,Adolfo,M,60000.0,70500.0,2015
CHI,Palmer,Lovel,M,118000.0,125500.0,2015
KC,Palmer-Brown,Erik,D,60000.0,60500.0,2015
POR,Paparatto,Norberto,D,120000.0,120000.0,2015
SEA,Pappa,Marco,M,75000.0,75000.0,2015
VAN,Parker,Tim,D,60000.0,78750.0,2015
CLB,Parkhurst,Michael,D,275000.0,300000.0,2015
POR,Peay,Taylor,D,50000.0,50000.0,2015
RSL,Pecka,,M,60000.0,64166.67,2015
SJ,Pelosi,Marc,M,60000.0,72500.0,2015
POR,Pereira,Jeanderson,D,60000.0,60000.0,2015
DAL,Pereira,Michel,M/D,140000.0,161500.0,2015
DAL,Perez,Blas,F,350000.0,374250.0,2015
SJ,Perez,Matias,M,240000.0,240000.0,2015
LA,Perk,Brian,GK,60000.0,60000.0,2015
SEA,Perkins,Troy,GK,130000.0,136662.5,2015
TOR,Perquis,Damien,D,323000.0,372500.0,2015
NY,Perrinelle,Damien,D,132000.0,132000.0,2015
KC,Peterson,Jacob,F,123500.0,130375.0,2015
PHI,Pfeffer,Zach,M,60000.0,60000.0,2015
RSL,Phillips,Demar,D,140000.0,149666.67,2015
MTL,Piatti,Ignacio,M,400000.0,400000.0,2015
SJ,Pierazzi,Jean Baptiste,M,260000.0,260000.0,2015
SEA,Pineda,Gonzalo,M,160000.0,160000.0,2015
NYCFC,Pirlo,Andrea,M,2000004.0,2315694.0,2015
COL,Pittinari,Lucas,M,190000.0,210000.0,2015
RSL,Plata,Joao,F,150000.0,150000.0,2015
CLB,Pogatetz,Emanuel,D,250000.0,262500.0,2015
NYCFC,Poku,Kwadwo,M,60000.0,63045.09,2015
CHI,Polster,Matt,D,60000.0,75000.0,2015
DC,Pontius,Chris,M-F,365000.0,396000.0,2015
MTL,Porter,Cameron,F,50000.0,50000.0,2015
POR,Powell,Alvas,D,60000.0,68700.0,2015
COL,Powers,Dillon,M,245000.0,275000.0,2015
KC,Quintilla,Jordi,M,50000.04,59525.04,2015
COL,Ramirez,Juan Edgardo,M,75000.0,75000.0,2015
ORL,Ramos,Rafael,D,50000.0,50000.0,2015
ORL,Redding,Tommy,D,85000.0,92500.0,2015
SEA,Remick,Dylan,D,60000.0,60000.0,2015
SJ,Renato,Paulo,D,96000.0,96000.0,2015
MTL,Reo-Coker,Nigel,D-M,275000.0,275000.0,2015
NY,Reynish,Kyle,GK,86000.0,90316.67,2015
ORL,Ribeiro,Pedro,M,60000.0,60000.0,2015
LA,Ribeiro Da Silva,Leonardo,D,150000.0,155000.0,2015
NY,Richards,Dane,M,105000.0,105000.0,2015
LA,Ricketts,Donovan,GK,260000.0,260000.0,2015
POR,Ridgewell,Liam,D,1000000.0,1150000.0,2015
COL,Riley,James,D,77500.0,83750.0,2015
RSL,Rimando,Nick,GK,350000.0,370000.0,2015
CHI,Ritter,Chris,M,60000.0,60000.0,2015
ORL,Rivas,Carlos,M,60000.0,60000.0,2015
ORL,Rivera,Sidney,F,50000.0,50000.0,2015
VAN,Rivero,Octavio,F,890850.0,890850.0,2015
TOR,Roberts,Quillan,GK,60000.0,60000.0,2015
DC,Robinson,Jalen,D,70000.0,82000.0,2015
NY,Robles,Luis,GK,130000.0,151375.0,2015
ORL,Rochez,Bryan,F,200000.0,279500.0,2015
VAN,Rodriguez,Diego,D,124000.0,165750.0,2015
HOU,Rodriguez,"Jose ""Memo""",M,60000.0,60000.0,2015
HOU,Rodriguez,Raul,D,325000.0,354333.33,2015
LA,Rogers,Robbie,F,175000.0,191666.67,2015
SEA,Roldan,Cristian,M,80000.0,102000.0,2015
DC,Rolfe,Chris,F,210000.0,225000.0,2015
MTL,Romero,Andres,F,100000.0,100000.0,2015
LA,Romney,David,D,60000.0,60000.0,2015
VAN,Rosales,Mauro,M,215000.0,265000.0,2015
SEA,Rose,Andy,M,60000.0,60000.0,2015
LA,Rowe,Brian,GK,60000.0,60000.0,2015
NE,Rowe,Kelyn,M,140000.0,221000.0,2015
NE,Rudy,Tyler,M,50000.0,50000.0,2015
LA,Rugg,Charlie,F,60000.0,60000.0,2015
DC,Saborio,Alvaro,F,400000.0,493333.33,2015
CLB,Saeid,Mohammed,M,100000.0,110000.0,2015
SJ,Salinas,Shea,M,145000.0,148333.33,2015
NY,Sam,Lloyd,F,230000.0,240000.0,2015
VAN,Sampson,Ethen,D,60000.0,60000.0,2015
NY,Sanchez,Emmanuel,M,50000.0,50000.0,2015
COL,Sanchez,Vicente,F,210000.0,286666.67,2015
RSL,Sandoval,Devon,F,60000.0,60000.0,2015
PHI,Sapong,CJ,F,125000.0,142000.0,2015
HOU,Sarkodie,Kofi,D,190000.0,235500.0,2015
COL,Sarvas,Marcelo,M,360000.0,425000.0,2015
RSL,Saucedo,Sebastian,M,50000.0,60500.0,2015
NYCFC,Saunders,Josh,GK,90000.0,90000.0,2015
CLB,Sauro,Gaston,D,583200.0,599512.5,2015
CLB,Schoenfeld,Aaron,F,60000.0,60000.0,2015
RSL,Schuler,Chris,D,165000.0,182000.0,2015
SEA,Scott,Zach,D,65000.0,65000.0,2015
POR,Seaton,Michael,F,60000.0,63000.0,2015
DAL,Seitz,Chris,GK,130000.0,130000.0,2015
COL,Serna,Dillon,M,60000.0,73000.0,2015
ORL,Shea,Brek,M-D,475000.0,520000.0,2015
NYCFC,Shelton,Khiry,F,70000.0,87500.0,2015
SJ,Sherrod,Mark,F,60000.0,60000.0,2015
CHI,Shipp,Harrison,F,87500.0,112500.0,2015
NE,Shuttleworth,Robert,GK,101250.0,111250.0,2015
RSL,Silva,Luis,M,131384.0,162634.0,2015
SJ,Silva,Matheus,,50000.04,50000.04,2015
TOR,Simonin,Clement,D,60000.0,60000.0,2015
KC,Sinovic,Seth,M-D,140000.0,146750.0,2015
COL,Sjoberg,Axel,D,60000.0,75000.0,2015
NE,Smith,Donnie,M,60000.0,60000.0,2015
VAN,Smith,Jordan,D,95000.04,102743.04,2015
COL,Solignac,Luis,F,65004.0,65004.0,2015
LA,Sorto,Oscar,D,60000.0,61875.0,2015
DAL,Soumare,Bakary,D,225000.0,225000.0,2015
NE,Spangenberg,Trevor,GK,50000.0,50000.0,2015
CLB,Speas,Ben,F,68355.0,68355.0,2015
COL,St. Ledger,Sean,D,124992.0,147492.0,2015
HOU,Steinberger,Zach,M,60000.0,76250.0,2015
CLB,Steindorsson,Kristinn,M,105000.0,119437.5,2015
CHI,Stephens,Michael,M,95000.0,105000.0,2015
SJ,Stephenson,Khari,M,68254.2,71645.94,2015
RSL,Stertzer,John,M,60000.0,69166.67,2015
SJ,Stewart,Jordan,M-D,150000.0,150000.0,2015
NY,Stolz,Leo,M,70000.0,86250.0,2015
HOU,Sturgis,Nathan,D-M,71250.0,75375.0,2015
CLB,Stuver,Brad,GK,60000.0,60000.0,2015
CLB,Swanson,Ben,M,60000.0,80416.67,2015
PHI,Sylvestre,Brian,GK,60000.0,60000.0,2015
NYCFC,Tasende,Jose Angel,D,60000.0,60000.0,2015
HOU,Taylor,Jermaine,D,203500.0,213000.0,2015
NYCFC,Taylor,Tony,F,75000.0,84375.0,2015
CLB,Tchani,Tony,M,170000.0,195000.0,2015
VAN,Techera,Cristian,F,60000.0,85000.0,2015
VAN,Teibert,Russell,M,100000.0,167500.0,2015
DAL,Texeira,David,F,338000.0,338000.0,2015
POR,Thoma,Andy,D-M,60000.0,75000.0,2015
SJ,Thompson,Tommy,M,140000.0,145000.0,2015
NE,Tierney,Chris,D-M,110000.0,113333.33,2015
MTL,Tissot,Maxim,D,60000.0,60000.0,2015
MTL,Toia,Donny,D,60000.0,60000.0,2015
VAN,Tornaghi,Paolo,GK,80000.0,80000.0,2015
HOU,Torres,Erick,F,350000.0,425000.0,2015
COL,Torres,Gabriel,F,262000.0,274500.0,2015
SEA,Torres,Roman,D,438000.0,513812.5,2015
CLB,Trapp,Wil,M,137500.0,164500.0,2015
,Tshuma,Schillo,F,85000.0,123000.0,2015
ORL,Turner,Tyler,D,60000.0,60000.0,2015
DAL,Ulloa,Victor,M,60000.0,60000.0,2015
POR,Urruti,Maximiliano,F,200000.04,200000.04,2015
SEA,Valdez,Nelson,F,960000.0,1215000.0,2015
POR,Valeri,Diego,M,550000.0,550000.0,2015
RSL,Vasquez,Elias,D,110000.0,122136.67,2015
LA,Vayrynen,Mika,M,204996.0,227496.0,2015
NYCFC,Velasquez,Sebastian,M,60000.0,60000.0,2015
MTL,Venegas,Johan,M,120000.0,132500.0,2015
NY,Veron,Gonzalo,M-F,200004.0,200004.0,2015
NYCFC,Villa,David,F,5610000.0,5610000.0,2015
POR,Villafana,Jorge,F,130000.0,135000.0,2015
LA,Villarreal,Jose,M,60000.0,61875.0,2015
PHI,Vitoria,Steven,D,400000.0,400000.0,2015
CLB,Wahl,Tyson,D,95000.0,99666.67,2015
LA,Walker,Kenney,M,60000.0,60000.0,2015
NY,Wallace,Anthony,M-D,60000.0,60000.0,2015
POR,Wallace,Rodney,M-D,165000.0,190000.0,2015
TOR,Warner,Collen,M-F,129937.0,157437.0,2015
VAN,Waston,Kendall,D,225000.0,226250.0,2015
DAL,Watson,Jevaughn,M-D,160000.0,180000.0,2015
CHI,Watson,Matt,M,80620.0,91689.16,2015
NYCFC,Watson-Siriboe,Kwame,D,65000.0,81666.67,2015
COL,Watts,Jared,M,60000.0,60000.0,2015
POR,Weber,Andrew,GK,60000.0,60000.0,2015
PHI,Wenger,Andrew,D/F,180000.0,282000.0,2015
PHI,White,Ethan,D,125000.0,125000.0,2015
TOR,Williams,Josh,D,125000.0,125000.0,2015
MTL,Williams,Romario,F,65000.0,87000.0,2015
HOU,Williams,Sheanon,F,145000.0,150500.0,2015
HOU,Willis,Joe,GK,90000.0,90000.0,2015
NYCFC,Wingert,Chris,D,215000.0,215000.0,2015
ORL,Winter,Adrian,M,180000.0,198333.33,2015
LA,Wolverton,Andrew,GK,50000.04,50000.04,2015
SJ,Wondolowski,Chris,M,625000.0,675000.0,2015
NE,Woodberry,London,D,60000.0,60000.0,2015
DC,Worra,Travis,GK,50000.0,50000.0,2015
NY,Wright-Phillips,Bradley,F,600000.0,660000.0,2015
NY,Wright-Phillips,Shaun,M,116004.0,145704.0,2015
SJ,Wynne,Marvell,D,190000.0,200625.0,2015
LA,Zardes,Gyasi,F,150000.0,223000.0,2015
TOR,Zavaleta,Eriq,F,85000.0,115600.0,2015
POR,Zemanski,Ben,M,81033.0,83533.0,2015
DAL,Zendejas,Alejandro,F,60000.0,76666.67,2015
DAL,Zimmerman,Walker,D,100000.0,180100.0,2015
NY,Zizzo,Sal,F,80850.0,94895.71,2015
NY,Zubar,Ronald,D,240000.0,320000.0,2015
KC,Zusi,Graham,F-M,650000.0,682102.27,2015
ATL,Burgos,Efrain,M,62508.0,62508.0,2016
ATL,Oblitey Otoo,Jeffrey,M,51504.0,51504.0,2016
ATL,Tambakis,Alexander,GK,63000.0,63000.0,2016
CHI,Accam,David,F-M,700000.0,770937.5,2016
CHI,Alvarez,Arturo,F,115000.0,118264.0,2016
CHI,Calistri,Joey,M,51500.0,51500.0,2016
CHI,Campbell,Jonathan,D,70000.0,78125.0,2016
CHI,Cocis,Razvan,M,160000.0,160000.0,2016
CHI,Conner,Drew,M,62500.0,62500.0,2016
CHI,Doody,Patrick,D,53471.0,53471.0,2016
CHI,Fernandez,Collin,M,75000.0,77000.0,2016
CHI,Gehrig,Eric,D,106875.0,112708.33,2016
CHI,Goossens,John,M,200000.0,200000.0,2016
CHI,Harrington,Michael,D,125000.0,125000.0,2016
CHI,Igboananike,Kennedy,F,800000.0,901666.67,2016
CHI,Johnson,Sean,GK,250000.0,253000.0,2016
CHI,Junior,Gilberto,F,1145000.0,1145000.0,2016
CHI,Kappelhof,Johan,D,480000.0,520000.0,2016
CHI,LaBrocca,Nick,M,110000.0,110000.0,2016
CHI,Lampson,Matt,GK,71250.0,76625.0,2016
CHI,McLain,Patrick,GK,72500.0,72500.0,2016
CHI,Meira,Joao,D-M,110000.0,126500.0,2016
CHI,Morrell,Alex,M,51500.0,51500.0,2016
CHI,Polster,Matt,D-M,84000.0,99000.0,2016
CHI,Ramos,Rodrigo,D,80000.0,84000.0,2016
CHI,Stephens,Michael,M,105000.0,115000.0,2016
CHI,Thiam,Khaly,M,144000.0,144000.0,2016
CHI,Vincent,Brandon,D,70000.0,91875.0,2016
CLB,Afful,Harrison,D,275000.0,291666.67,2016
CLB,Ashe,Corey,D,95000.0,105500.0,2016
CLB,Barson,Chad,D,63000.0,63000.0,2016
CLB,Casey,Conor,F,105000.0,105000.0,2016
CLB,Clark,Steve,GK,220000.0,238333.33,2016
CLB,Finlay,Ethan,M,250000.0,250000.0,2016
CLB,Francis,Waylon,D,200000.0,200000.0,2016
CLB,Higuain,Federico,M,1175000.0,1175000.0,2016
CLB,Hollingsworth,Marshall,M,51499.92,51499.92,2016
CLB,Jimenez,Hector,M,105000.0,105000.0,2016
CLB,Kamara,Ola,F,425000.0,457500.0,2016
CLB,Larsen,Emil,M,175000.0,175000.0,2016
CLB,Mabwati,Cedrick,M,235000.0,263350.0,2016
CLB,Meram,Justin,F,175000.0,185000.0,2016
CLB,Pacifici,Matt,GK,51499.92,51499.92,2016
CLB,Parkhurst,Michael,D,275000.0,300000.0,2016
CLB,Saeid,Mohammed,M,110000.0,120000.0,2016
CLB,Saravia,Rodrigo,M,62500.0,62500.0,2016
CLB,Sauro,Gaston,D,585000.0,601312.5,2016
CLB,Stuver,Brad,GK,63000.0,63000.0,2016
CLB,Swanson,Ben,M,70000.0,90416.67,2016
CLB,Tchani,Tony,M,250000.0,283333.33,2016
CLB,Trapp,Wil,M,151250.0,178250.0,2016
CLB,Wahl,Tyson,D,115000.0,115000.0,2016
COL,Appiah,Emmanuel,M,62500.08,62500.08,2016
COL,Azira,Michael,M,63000.0,65826.88,2016
COL,Badji,Dominique,F,53472.0,53472.0,2016
COL,Berner,John,GK,63000.0,63000.0,2016
COL,Burch,Marc,D,120000.0,120000.0,2016
COL,Burling,Bobby,D,110000.0,116000.0,2016
COL,Calvert,Caleb,F,75000.0,82500.0,2016
COL,Castillo,Dennis,D,51500.04,51500.04,2016
COL,Cronin,Sam,M,225000.0,227500.0,2016
COL,Doyle,Conor,F,66000.0,67250.0,2016
COL,Doyle,Kevin,F,1075000.0,1120000.0,2016
COL,Froschauer,Chris,GK,51500.04,51500.04,2016
COL,Gashi,Shkelzen,M,1575000.0,1668750.0,2016
COL,Hairston,Marlon,D-M,90000.0,113000.0,2016
COL,Howard,Tim,GK,2100000.0,2575000.0,2016
COL,Jones,Jermaine,M,600000.0,650000.0,2016
COL,MacMath,Zac,GK,140000.0,140000.0,2016
COL,Miller,Eric,M/D,66412.5,77412.5,2016
COL,Pappa,Marco,M,110000.0,110000.0,2016
COL,Pfeffer,Zach,M,101000.0,101000.0,2016
COL,Powers,Dillon,M,270000.0,300000.0,2016
COL,Ramirez,Juan Edgardo,M,85000.0,85000.0,2016
COL,Serna,Dillon,M,66000.0,79000.0,2016
COL,Sjoberg,Axel,D,66000.0,81000.0,2016
COL,Solignac,Luis,F,85000.0,85000.0,2016
COL,St. Ledger,Sean,D,191875.0,194375.0,2016
COL,Watts,Jared,D-M,68000.0,68000.0,2016
COL,Williams,Mekeil,D,85000.0,85000.0,2016
DAL,Acosta,Kellyn,M-D,220000.0,240000.0,2016
DAL,Akindele,Tesho,M-F,90000.0,107500.0,2016
DAL,Barrios,Michael,M-F,70000.0,70000.0,2016
DAL,Bonner,Colin,F,51504.0,51504.0,2016
DAL,Castillo,Fabian,M-F,155750.0,170750.0,2016
DAL,Craft,Coy,F-M,70000.0,87083.33,2016
DAL,Diaz,Mauro,M,466000.0,544400.0,2016
DAL,Figueroa,Maynor,D,115000.0,138333.33,2016
DAL,Gonzalez,Jesse,GK,67500.0,76875.0,2016
DAL,Gruezo,Carlos,M,450000.0,686500.0,2016
DAL,Guillen,Aaron,D,51500.0,51500.0,2016
DAL,Harris,Atiba,D-M,143000.0,143000.0,2016
DAL,Hedges,Matt,D,152000.0,152000.0,2016
DAL,Herman,Ryan,GK,62508.0,62508.0,2016
DAL,Hernandez,Moises,D,100000.0,105000.0,2016
DAL,Hollingshead,Ryan,M-D,122500.0,122500.0,2016
DAL,Jara,Agustin,F,62508.0,62508.0,2016
DAL,Lizarazo,Carlos,M-F,62508.0,130633.0,2016
DAL,Loyd,Zach,D,200000.0,221666.67,2016
DAL,Ortiz,Juan Esteban,M,160000.0,204500.0,2016
DAL,Pitter,Timo,M-F,51504.0,51504.0,2016
DAL,Rosales,Mauro,M,62500.0,62500.0,2016
DAL,Seitz,Chris,GK,136000.0,136000.0,2016
DAL,Ulloa,Victor,M,130000.0,132500.0,2016
DAL,Urruti,Maximiliano,F,250000.0,250000.0,2016
DAL,Zendejas,Alejandro,M,70000.0,88466.67,2016
DAL,Zimmerman,Walker,D,174000.0,174000.0,2016
DC,Acosta,Luciano,M-F,327272.76,429272.76,2016
DC,Aguilar,Miguel,M,63000.0,63000.0,2016
DC,Birnbaum,Steven,D,86350.0,116350.0,2016
DC,Boswell,Bobby,D,260000.0,260000.0,2016
DC,Buescher,Julian,M,70000.0,79700.0,2016
DC,DeLeon,Nick,M,235000.0,235000.0,2016
DC,Dykstra,Andrew,GK,75000.0,85700.0,2016
DC,Espindola,Fabian,F,200000.0,200000.0,2016
DC,Franklin,Sean,D,225000.0,256666.67,2016
DC,Hall,Tally,GK,75000.0,153750.0,2016
DC,Halsti,Markus,M,275000.0,336833.33,2016
DC,Hamid,Bill,GK,325000.0,370500.0,2016
DC,Horton,Charlie,GK,69999.96,76166.63,2016
DC,Jeffrey,Jared,M,71662.5,77862.5,2016
DC,Kamara,Alhaji,F,51500.04,59750.04,2016
DC,Kemp,Taylor,D,100000.0,100000.0,2016
DC,Korb,Chris,D,108900.0,116379.83,2016
DC,Mancini,Andrea,M-F,82500.0,82500.0,2016
DC,Martin,Collin,M,75000.0,89166.67,2016
DC,Mishu,Luke,D,62500.0,62500.0,2016
DC,Neagle,Lamar,M-F,185000.0,187833.33,2016
DC,Nyarko,Patrick,F-M,210000.0,225750.0,2016
DC,Opare,Kofi,D,90000.0,105000.0,2016
DC,Robinson,Jalen,D,75000.0,87000.0,2016
DC,Rolfe,Chris,F,257500.0,272500.0,2016
DC,Saborio,Alvaro,F,420000.0,535500.0,2016
DC,Sarvas,Marcelo,M,360000.0,425000.0,2016
DC,Vincent,Rob,M-F,62508.0,62508.0,2016
DC,Worra,Travis,GK,53472.0,53472.0,2016
HOU,Anibaba,Jalil,M,62500.0,62500.0,2016
HOU,Barnes,Giles,F-M,700000.0,756250.0,2016
HOU,Beasley,DaMarcus,D,750000.0,813333.33,2016
HOU,Bourgeois,Bradley,D,51500.0,51500.0,2016
HOU,Brown,Calle,GK,51500.0,51500.0,2016
HOU,Bruin,Will,F,310000.0,311666.67,2016
HOU,Clark,Ricardo,M,319200.0,356700.0,2016
HOU,Deric,Tyler,GK,170000.0,170000.0,2016
HOU,Garcia,Boniek,M,225000.0,247500.0,2016
HOU,Horst,David,D,88593.75,91343.75,2016
HOU,Ibeagha,Sebastien,D,62500.0,62500.0,2016
HOU,Iniguez,Agustin,D,132000.0,132000.0,2016
HOU,Lovejoy,Rob,M,52500.0,52500.0,2016
HOU,Lucatero,Christian,M,51500.0,51750.0,2016
HOU,Maidana,Cristian,M,223850.0,237600.0,2016
HOU,Manotas,Mauro,F,85000.0,85000.0,2016
HOU,Mansally,Kenny,D,77500.0,84000.0,2016
HOU,Miranda,Leonel,M,62500.0,62500.0,2016
HOU,Monteiro de Lima,Alex,M,152000.0,152000.0,2016
HOU,Rocha,David Mateos,M,100000.0,100000.0,2016
HOU,Rodriguez,Raul,D,350000.0,379333.33,2016
HOU,Steinberger,Zach,M,63000.0,79250.0,2016
HOU,Torres,Erick,F,575000.0,650000.0,2016
HOU,Warner,Collen,M,149934.0,177434.0,2016
HOU,Wenger,Andrew,M-F,190000.0,190000.0,2016
HOU,Williams,Sheanon,D,162500.0,171500.0,2016
HOU,Willis,Joe,GK,94500.0,94500.0,2016
KC,Abdul-Salaam,Saad,D,63000.0,76750.0,2016
KC,Anor,Bernardo,M,132624.0,132624.0,2016
KC,Besler,Matt,D,700000.0,733250.0,2016
KC,Coelho,Nuno,D,275000.0,375000.0,2016
KC,Davis,Brad,M,355000.0,355000.0,2016
KC,Dia,Amadou,D,51500.0,51500.0,2016
KC,Dwyer,Dom,F,500000.0,618750.0,2016
KC,Ellis,Kevin,D,72000.0,75150.0,2016
KC,Espinoza,Roger,M,800000.0,800000.0,2016
KC,Feilhaber,Benny,M,400000.0,412187.5,2016
KC,Hallisey,Connor,M,63000.0,76750.0,2016
KC,Kann,Alec,GK,63000.0,63000.0,2016
KC,Kempin,Jonathan,GK,82750.0,82750.0,2016
KC,Mapp,Justin,M,224070.0,239070.0,2016
KC,Medranda,Jimmy,M,63000.0,63000.0,2016
KC,Melia,Tim,GK,150000.0,152500.0,2016
KC,Mustivar,Soni,M,200000.0,200000.0,2016
KC,Myers,Chance,D,200000.0,225000.0,2016
KC,Nagamura,Paulo,M,225000.0,225000.0,2016
KC,Olum,Lawrence,M,105000.0,115000.0,2016
KC,Opara,Ike,D,125000.0,131250.0,2016
KC,Palmer-Brown,Erik,D,65000.0,65500.0,2016
KC,Peterson,Jacob,F-M,137750.0,144625.0,2016
KC,Quintilla,Jordi,M,100000.0,109525.0,2016
KC,Rubio Kostner,Diego,F,300000.0,333000.0,2016
KC,Salloi,Daniel,F,51500.0,51500.0,2016
KC,Sinovic,Seth,D,105000.0,112666.67,2016
KC,Zusi,Graham,F-M,700000.0,732102.27,2016
LA,Boateng,Emmanuel,F,100000.0,100000.0,2016
LA,Cole,Ashley,D,300000.0,327625.0,2016
LA,de Jong,Nigel,M,500000.0,500000.0,2016
LA,DeLaGarza,AJ,D,225000.0,227500.0,2016
LA,Diop,Clement,GK,62500.0,62500.0,2016
LA,Dos Santos,Giovani,F,2500000.0,4250000.0,2016
LA,Garcia,Rafael,M,75000.0,75000.0,2016
LA,Gerrard,Steven,M,6000000.0,6132500.0,2016
LA,Gordon,Alan,F,170000.0,170000.0,2016
LA,Husidic,Baggio,M,150000.0,150000.0,2016
LA,Jamieson,Bradford,F,63000.0,63000.0,2016
LA,Keane,Robbie,F,3500000.0,3500000.0,2016
LA,Kennedy,Dan,GK,180000.0,195400.0,2016
LA,Larentowicz,Jeff,M,175000.0,175000.0,2016
LA,Lassiter,Ariel,F,51500.0,51500.0,2016
LA,Lletget,Sebastian,M,110000.0,115500.0,2016
LA,Magee,Mike,F-M,250000.0,250000.0,2016
LA,Mendiola,Raul,F,62500.0,62500.0,2016
LA,Ribeiro Da Silva,Leonardo,D,160000.0,165000.0,2016
LA,Rogers,Robbie,D-M,220000.0,228500.0,2016
LA,Romney,David,D,63000.0,63000.0,2016
LA,Rowe,Brian,GK,80000.0,80000.0,2016
LA,Sorto,Oscar,D,63000.0,64875.0,2016
LA,Steres,Daniel,D,62500.0,65086.04,2016
LA,Van Damme,Jelle,D,425000.0,468750.0,2016
LA,Villarreal,Jose,M-F,90000.0,90000.0,2016
LA,Zardes,Gyasi,F,472500.0,472500.0,2016
MTL,Alexander,Eric,M,165000.0,178750.0,2016
MTL,Bekker,Kyle,M,67941.5,94191.5,2016
MTL,Bernier,Patrice,M,95000.0,140000.0,2016
MTL,Bush,Evan,GK,117500.0,117500.0,2016
MTL,Cabrera,Victor,D,250000.0,250000.0,2016
MTL,Camara,Hassoun,D/M,180000.0,180000.0,2016
MTL,Ciman,Laurent,D,630000.0,661666.67,2016
MTL,Crepeau,Maxime,GK,52500.0,52500.0,2016
MTL,Donadel,Marco,M,350000.0,386666.67,2016
MTL,Drogba,Didier,F,1666667.0,2166667.0,2016
MTL,Fisher,Kyle,D,65000.0,73375.0,2016
MTL,Gagnon-Lapare,Jeremy,M,51500.0,51500.0,2016
MTL,Jackson-Hamel,Anthony,F,63000.0,63000.0,2016
MTL,Kronberg,Eric,GK,145200.0,145200.0,2016
MTL,Lefevre,Wandrille,D,63000.0,63000.0,2016
MTL,Mallace,Calum,M,100000.0,116250.0,2016
MTL,Oduro,Dominic,F,235000.0,235000.0,2016
MTL,Ontivero,Lucas,M-F,380000.0,440000.0,2016
MTL,Oyongo,Ambroise,D,100000.0,100000.0,2016
MTL,Piatti,Ignacio,M,425000.0,425000.0,2016
MTL,Porter,Cameron,F,62500.0,69750.0,2016
MTL,Romero,Andres,M-F,110000.0,110000.0,2016
MTL,Salazar,Michael,F,51492.0,51492.0,2016
MTL,Shipp,Harrison,M,104500.0,129500.0,2016
MTL,Tissot,Maxim,M,63000.0,63000.0,2016
MTL,Toia,Donny,D,67500.0,67500.0,2016
MTL,Venegas,Johan,M,200000.0,212500.0,2016
MTL,Williams,Romario,F,75000.0,97000.0,2016
NE,Agudelo,Juan,F,425000.0,452500.0,2016
NE,Barnes,Darrius,D,110000.0,116666.67,2016
NE,Bunbury,Teal,F,205000.0,250000.0,2016
NE,Caldwell,Scott,M,100000.0,110000.0,2016
NE,Cande,Mamadu,D,75000.0,82287.5,2016
NE,Davies,Charlie,F,108937.5,113315.63,2016
NE,Fagundez,Diego,F,145000.0,165000.0,2016
NE,Farrell,Andrew,D,148500.0,229500.0,2016
NE,Gamble,Michael,F,51500.04,51500.04,2016
NE,Goncalves,Jose,D,450000.0,479375.0,2016
NE,Herivaux,Zachary,M,62500.0,62500.0,2016
NE,Hollinger,Femi,F,51500.04,51500.04,2016
NE,Kamara,Kei,F,1000000.0,1000000.0,2016
NE,Knighton,Brad,GK,86105.25,86105.25,2016
NE,Kobayashi,Daigo,M,120000.0,132000.0,2016
NE,Koffie,Gershon,M,250000.0,261000.0,2016
NE,Kouassi,Xavier,M,840000.0,890541.75,2016
NE,McCrary,Jordan,D,62500.0,62500.0,2016
NE,Neumann,Steve,M-F,62500.0,62500.0,2016
NE,Nguyen,Lee,M,500000.0,500000.0,2016
NE,Rowe,Kelyn,M,160000.0,241000.0,2016
NE,Shuttleworth,Robert,GK,137500.0,154375.0,2016
NE,Smith,Donnie,M,63000.0,63000.0,2016
NE,Tierney,Chris,D-M,125000.0,133333.33,2016
NE,Turner,Matt,GK,51500.04,51500.04,2016
NE,Watson,Je-Vaughn,D,110004.0,115837.33,2016
NE,Woodberry,London,D,63000.0,63000.0,2016
NYCFC,Allen,RJ,D,63000.0,63000.0,2016
NYCFC,Ballouchy,Mehdi,M,71662.5,86662.5,2016
NYCFC,Brandt,Connor,M-D,53472.0,53472.0,2016
NYCFC,Bravo,Federico,D-M,110000.0,110000.0,2016
NYCFC,Brillant,Frederic,D,260000.0,299666.67,2016
NYCFC,Diskerud,Mix,M,761250.0,761250.0,2016
NYCFC,Gomez,Shannon,D,51500.04,51500.04,2016
NYCFC,Harrison,Jack,M,125000.0,160500.0,2016
NYCFC,Hernandez,Jason,D,200000.0,210000.0,2016
NYCFC,Iraola,Andoni,D,200004.0,200004.0,2016
NYCFC,Johansen,Eirik,GK,62500.0,62500.0,2016
NYCFC,Lampard,Frank,M,6000000.0,6000000.0,2016
NYCFC,Lopez,Mikey,M,51500.0,51500.0,2016
NYCFC,Martinez,Diego,D,135000.0,135000.0,2016
NYCFC,Matarrita,Ronald,D,150000.0,175000.0,2016
NYCFC,McNamara,Thomas,M,73500.0,85000.0,2016
NYCFC,Mena,Jefferson,D,220000.0,231400.0,2016
NYCFC,Mendoza,Stiven,F,207276.0,207276.0,2016
NYCFC,Mullins,Patrick,F,96250.0,126250.0,2016
NYCFC,Pirlo,Andrea,M,5600000.0,5915690.0,2016
NYCFC,Poku,Kwadwo,M,67500.0,70722.42,2016
NYCFC,Rawls,Andre,GK,62508.0,62508.0,2016
NYCFC,Saunders,Josh,GK,150000.0,150000.0,2016
NYCFC,Shelton,Khiry,F,77000.0,94500.0,2016
NYCFC,Taylor,Tony,F,82500.0,91875.0,2016
NYCFC,Villa,David,F,5610000.0,5610000.0,2016
NYCFC,White,Ethan,D,62500.0,62500.0,2016
NYRB,Abang,Anatole,F,62500.0,62500.0,2016
NYRB,Adams,Tyler,M,65000.0,81041.67,2016
NYRB,Allen,Brandon,F,62500.0,62500.0,2016
NYRB,Baah,Gideon,D,230000.0,278000.0,2016
NYRB,Bilyeu,Justin,D,51500.0,51500.0,2016
NYRB,Collin,Aurelien,D,500000.0,525000.0,2016
NYRB,Davis,Sean,M,90000.0,107500.0,2016
NYRB,Duvall,Chris,D,63000.0,63000.0,2016
NYRB,Etienne,Derrick,M,51500.0,56500.0,2016
NYRB,Grella,Mike,F,155000.0,155000.0,2016
NYRB,Kljestan,Sacha,M,550000.0,687500.0,2016
NYRB,Lade,Connor,D,62500.0,65312.5,2016
NYRB,Lawrence,Kemar,D,100000.0,196000.0,2016
NYRB,Martins,Felipe,M,250000.0,280000.0,2016
NYRB,McCarty,Dax,M,400000.0,500000.0,2016
NYRB,Meara,Ryan,GK,75246.15,76496.15,2016
NYRB,Muyl,Alex,F,62500.0,66500.0,2016
NYRB,Ouimette,Karl,D,63000.0,63000.0,2016
NYRB,Perrinelle,Damien,D,140000.0,140000.0,2016
NYRB,Reynish,Kyle,GK,62500.0,62500.0,2016
NYRB,Robles,Luis,GK,265000.0,267500.0,2016
NYRB,Sam,Lloyd,M,230000.0,240000.0,2016
NYRB,Veron,Gonzalo,M-F,500000.0,500000.0,2016
NYRB,Wright-Phillips,Shaun,M,100000.0,107500.0,2016
NYRB,Wright-Phillips,Bradley,F,650000.0,710000.0,2016
NYRB,Zizzo,Sal,D-M,105000.0,105000.0,2016
NYRB,Zubar,Ronald,D,240000.0,320000.0,2016
ORL,Alston,Kevin,D,130000.0,130000.0,2016
ORL,Baptista,Julio,M-F,90000.0,90000.0,2016
ORL,Barry,Hadji,M/F,62500.0,62500.0,2016
ORL,Bendik,Joe,GK,140000.0,147666.67,2016
ORL,Boden,Luke,D,82500.0,82500.0,2016
ORL,Carrasco,Servando,M,95000.0,99625.0,2016
ORL,Ceren,Darwin,M,150000.0,174375.0,2016
ORL,Donovan,Conor,D,90000.0,118000.0,2016
ORL,Edwards,Earl,GK,52500.0,52500.0,2016
ORL,Garcia,Devron,M-D,62500.0,70937.5,2016
ORL,Heath,Harrison,M,63000.0,63000.0,2016
ORL,Higuita,Cristian,M,80000.0,80000.0,2016
ORL,Hines,Sebastian,D,150000.0,151250.0,2016
ORL,Kaka,,M,6660000.0,7167500.0,2016
ORL,Larin,Cyle,F,135000.0,177000.0,2016
ORL,Laryea,Richmond,M,125000.0,154000.0,2016
ORL,Mateos,David,D,420000.0,453333.33,2016
ORL,Molino,Kevin,M,110000.0,121400.0,2016
ORL,Nocerino,Antonio,M,600000.0,650000.0,2016
ORL,Ramos,Rafael,D,96000.0,96000.0,2016
ORL,Redding,Tommy,D,95000.0,102500.0,2016
ORL,Ribeiro,Pedro,M-F,63000.0,63000.0,2016
ORL,Rivas,Carlos,M,80000.0,80000.0,2016
ORL,Rochez,Bryan,F,180000.0,259500.0,2016
ORL,Shea,Brek,M-D,550000.0,595000.0,2016
ORL,Stajduhar,Mason,GK,51500.0,51500.0,2016
ORL,Turner,Tyler,D,63000.0,63000.0,2016
ORL,Winter,Adrian,M,180000.0,198333.33,2016
PHI,Alberg,Roland,M,328000.0,377250.0,2016
PHI,Alves Macedo,Fabinho,D,142000.0,142000.0,2016
PHI,Ayuk,Eric,M,62500.0,62500.0,2016
PHI,Barnetta,Tranquillo,M,650000.0,687500.0,2016
PHI,Blake,Andre,GK,100000.0,138000.0,2016
PHI,Carroll,Brian,M,120000.0,120000.0,2016
PHI,Conceicao,Anderson,D,150000.0,165833.33,2016
PHI,Creavalle,Warren,M,118000.0,125666.67,2016
PHI,Edu,Maurice,M,725000.0,793750.0,2016
PHI,Fernandes,Leo,M,63000.0,63000.0,2016
PHI,Gaddis,Raymon,D,150000.0,152500.0,2016
PHI,Herbers,Fabian,M-F,100000.0,125500.0,2016
PHI,Ilsinho,,M,430000.0,478333.33,2016
PHI,Jones,Matt,GK,75000.0,80625.0,2016
PHI,Lahoud,Michael,M,110000.0,115637.5,2016
PHI,Le Toux,Sebastien,F-M,300000.0,310228.13,2016
PHI,Marquez,Richard,D,63000.0,63000.0,2016
PHI,McCarthy,John,GK,79000.0,85250.0,2016
PHI,Missimo,Cole,M,51500.0,51500.0,2016
PHI,Nogueira,Vincent,M,400000.0,400000.0,2016
PHI,Pontius,Chris,M-F,380000.0,411000.0,2016
PHI,Restrepo,Walter,M,125000.0,139500.0,2016
PHI,Rosenberry,Keegan,D,62500.0,63750.0,2016
PHI,Sapong,CJ,F,225000.0,225000.0,2016
PHI,Tribbett,Ken,D,51500.0,51500.0,2016
PHI,Washington,Taylor,D,51500.0,51500.0,2016
PHI,Yaro,Joshua,D,130000.0,194000.0,2016
POOL,Mitchell,Trey,GK,62500.0,62500.0,2016
POR,Adi,Fanendo,F,640000.0,712500.0,2016
POR,Asprilla,Dairon,M-F,76000.0,76000.0,2016
POR,Barmby,Jack,M-D,72000.0,73800.0,2016
POR,Besler,Nick,M,62500.0,62500.0,2016
POR,Borchers,Nat,D,245000.0,255000.0,2016
POR,Brett,Neco,M,51504.0,51504.0,2016
POR,Chara,Diego,M,150000.0,172000.0,2016
POR,Gleeson,Jake,GK,91556.0,96722.67,2016
POR,Grabavoy,Ned,M,150000.0,150000.0,2016
POR,Hamilton,Wade,GK,51504.0,51504.0,2016
POR,Jewsbury,Jack,D-M,140000.0,147000.0,2016
POR,Klute,Chris,D,86625.0,91924.63,2016
POR,Kwarasey,Adam,GK,335000.0,335000.0,2016
POR,Manning,Anthony,D,52500.0,52500.0,2016
POR,Mattocks,Darren,F,215000.0,231666.67,2016
POR,McInerney,Jack,F,270000.0,270000.0,2016
POR,Melano,Lucas,F,760000.0,760000.0,2016
POR,Nagbe,Darlington,M/F,500000.0,500000.0,2016
POR,Okugo,Amobi,D-M,300000.0,325000.0,2016
POR,Peay,Taylor,D,53472.0,53472.0,2016
POR,Polk,Ben,F,62500.0,68750.0,2016
POR,Powell,Alvas,D,95000.0,103700.0,2016
POR,Ridgewell,Liam,D,1100000.0,1250000.0,2016
POR,Taylor,Jermaine,D,150000.0,150000.0,2016
POR,Thoma,Andy,D-M,62500.0,64000.0,2016
POR,Valentin,Zarek,D,90000.0,90000.0,2016
POR,Valeri,Diego,M,600000.0,550000.0,2016
POR,Zemanski,Ben,M,85000.0,89000.0,2016
RSL,Acosta,Danilo,D/M,62500.0,62500.0,2016
RSL,Allen,Jordan,M,100000.0,110000.0,2016
RSL,Attinella,Jeff,GK,90000.0,95083.33,2016
RSL,Beckerman,Kyle,M,675000.0,750000.0,2016
RSL,Beltran,Anthony,D,210000.0,220950.0,2016
RSL,Fernandez,Eduardo,GK,63000.0,63000.0,2016
RSL,Garcia,Olmes,F,160000.0,160000.0,2016
RSL,Glad,Justen,D,100000.0,111000.0,2016
RSL,Holness,Omar,F,100000.0,123500.0,2016
RSL,Kavita,Phanuel,D,51500.0,51500.0,2016
RSL,Martinez,Juan Manuel,F,1060000.0,1458666.67,2016
RSL,Maund,Aaron,D,85000.0,88449.5,2016
RSL,Morales,Javier,M,590000.0,590000.0,2016
RSL,Movsisyan,Yura,F,200000.0,200000.0,2016
RSL,Mulholland,Luke,M,93500.0,94750.0,2016
RSL,Okwuonu,Boyd,D,66000.0,86000.0,2016
RSL,Olave,Jamison,D,215000.0,215000.0,2016
RSL,Phillips,Demar,D,127500.0,135333.33,2016
RSL,Plata,Joao,F,175000.0,175000.0,2016
RSL,Rimando,Nick,GK,400000.0,420000.0,2016
RSL,Sandoval,Devon,F,67500.0,67500.0,2016
RSL,Saucedo,Sebastian,M,62500.0,73000.0,2016
RSL,Stertzer,John,M,66000.0,75166.67,2016
RSL,Sunday,Stephen,M,220000.0,233000.0,2016
RSL,Welshman,Emery,F,62500.0,62500.0,2016
RSL,Wingert,Chris,D,235000.0,235000.0,2016
SEA,Alfaro,Tony,D,51500.0,51500.0,2016
SEA,Alonso,Osvaldo,M,900000.0,941667.0,2016
SEA,Anderson,Oalex,F,51504.0,51504.0,2016
SEA,Craven,Andy,F,62508.0,62508.0,2016
SEA,Dempsey,Clint,F,3913008.0,4605941.5,2016
SEA,Evans,Brad,M-D,276665.0,302666.25,2016
SEA,Farfan,Michael,M,80000.0,80000.0,2016
SEA,Fisher,Oniel,M-D,62500.0,62500.0,2016
SEA,Frei,Stefan,GK,200000.0,206250.0,2016
SEA,Friberg,Erik,M,240000.0,262500.0,2016
SEA,Gomez,Herculez,F,312000.0,333000.0,2016
SEA,Ivanschitz,Andreas,M,250000.0,271250.0,2016
SEA,Jones,Darwin,F,62500.0,68750.0,2016
SEA,Jones,Joevin,D,70000.0,76166.67,2016
SEA,Kovar,Aaron,M,63000.0,63200.0,2016
SEA,Lowe,Damion,D,66412.5,77412.5,2016
SEA,Lyon,Charlie,GK,52500.0,52500.0,2016
SEA,Mansaray,Victor,F,62500.0,66000.0,2016
SEA,Marshall,Chad,D,325000.0,341666.67,2016
SEA,Mears,Tyrone,D,175000.0,184000.0,2016
SEA,Miller,Tyler,GK,62508.0,62508.0,2016
SEA,Morris,Jordan,F,178000.0,190500.0,2016
SEA,Ockford,Jimmy,D,63000.0,63000.0,2016
SEA,Remick,Dylan,D,63000.0,63000.0,2016
SEA,Roldan,Cristian,M,95000.0,117000.0,2016
SEA,Scott,Zach,D,62500.0,62500.0,2016
SEA,Sturgis,Nathan,M,62508.0,62508.0,2016
SEA,Torres,Roman,D,416000.0,491812.5,2016
SEA,Valdez,Nelson,F,1200000.0,1455000.0,2016
SJ,Alashe,Fatai,M,74250.0,90500.0,2016
SJ,Amarikwa,Quincy,F,247000.0,260666.67,2016
SJ,Barrera,Leandro,M,75000.0,75000.0,2016
SJ,Barrett,Chad,F,90000.0,95500.0,2016
SJ,Bernardez,Victor,D,210000.0,251600.0,2016
SJ,Bingham,David,GK,145000.0,152750.0,2016
SJ,Cato,Cordell,M-D,112500.0,114166.67,2016
SJ,Colvey,Kip,D,51499.92,51499.92,2016
SJ,Dawkins,Simon,M,800000.0,800000.0,2016
SJ,Emeghara,Innocent,F,988000.0,1300000.0,2016
SJ,Francis,Shaun,D,95000.0,103333.33,2016
SJ,Godoy,Anibal,M,216000.0,242250.0,2016
SJ,Goodson,Clarence,D,315000.0,342000.0,2016
SJ,Imperiale,Andres,D,85000.0,87500.0,2016
SJ,Jahn,Adam,F,67500.0,67500.0,2016
SJ,Lenhart,Steven,F,170000.0,179083.33,2016
SJ,Meredith,Bryan,GK,63000.0,63000.0,2016
SJ,Pelosi,Marc,M,72000.0,84500.0,2016
SJ,Perez Garcia,Matias,M,250000.0,250000.0,2016
SJ,Quintero,Alberto,M,169992.0,190717.0,2016
SJ,Salinas,Shea,M,163125.0,166458.33,2016
SJ,Sarkodie,Kofi,D,62500.0,62500.0,2016
SJ,Sherrod,Mark,F,63000.0,63000.0,2016
SJ,Silva,Matheus,M,52500.0,52500.0,2016
SJ,Stewart,Jordan,D-M,100000.0,100000.0,2016
SJ,Tarbell,Andrew,GK,70000.0,84000.0,2016
SJ,Thompson,Tommy,M,150000.0,155000.0,2016
SJ,Wondolowski,Chris,F,650000.0,700000.0,2016
SJ,Wynne,Marvell,D,213750.0,224375.0,2016
TOR,Altidore,Jozy,F,4825000.0,4825000.0,2016
TOR,Babouli,Mo,F,51500.0,51500.0,2016
TOR,Beitashour,Steven,D,230000.0,244000.0,2016
TOR,Bloom,Mark,D,94500.0,101848.89,2016
TOR,Bono,Alex,GK,65000.0,85200.0,2016
TOR,Bradley,Michael,M,6000000.0,6500000.0,2016
TOR,Chapman,Jay,M,75000.0,93500.0,2016
TOR,Cheyrou,Benoit,M,250000.0,259333.33,2016
TOR,Delgado,Marco,M,100000.0,102500.0,2016
TOR,Endoh,Tsubasa,F,51500.0,51500.0,2016
TOR,Giovinco,Sebastian,F,5600000.0,7115555.67,2016
TOR,Hagglund,Nick,D,63000.0,63000.0,2016
TOR,Hamilton,Jordan,F,66150.0,78650.0,2016
TOR,Irwin,Clint,GK,95000.0,107000.0,2016
TOR,Johnson,Will,M,375000.0,395333.33,2016
TOR,Lovitz,Daniel,M,63000.0,63000.0,2016
TOR,Mannella,Chris,M,63000.0,63000.0,2016
TOR,Moor,Drew,D,235000.0,250000.0,2016
TOR,Morgan,Ashtone,D,120000.0,132000.0,2016
TOR,Morrow,Justin,D,200000.0,216666.67,2016
TOR,Osorio,Jonathan,M,166750.0,174570.68,2016
TOR,Perquis,Damien,D,378000.0,427500.0,2016
TOR,Roberts,Quillan,GK,63000.0,63000.0,2016
TOR,Simonin,Clement,D,63000.0,63000.0,2016
TOR,Williams,Josh,D,131250.0,131250.0,2016
TOR,Zavaleta,Eriq,F,110000.0,140600.0,2016
VAN,Adekugbe,Samuel,D,70000.0,75000.0,2016
VAN,Aird,Fraser,D-M,51500.0,58625.0,2016
VAN,Bolanos,Christian,M,250000.0,253500.0,2016
VAN,Bustos,Marco,M,62500.0,67350.0,2016
VAN,Carducci,Marco,GK,63000.0,63000.0,2016
VAN,Dean,Christian,D,110000.0,191000.0,2016
VAN,Flores,Deybi,M,62500.0,68385.0,2016
VAN,Froese,Kianz,M,66000.0,70500.0,2016
VAN,Harvey,Jordan,D,165000.0,165000.0,2016
VAN,Hurtado,Erik,F/M,86091.5,121091.5,2016
VAN,Jacobson,Andrew,M,62500.08,87500.08,2016
VAN,Kah,Pa Modou,D,97000.0,101850.0,2016
VAN,Kudo,Masato,F,310000.0,314000.0,2016
VAN,Laba,Matias,M,560000.0,720500.0,2016
VAN,Manneh,Kekuta,M-F,127500.0,157000.0,2016
VAN,McKendry,Ben,M,52500.0,52500.0,2016
VAN,Mezquida,Nicolas,M-F,88000.0,88000.0,2016
VAN,Morales,Pedro,M,1232500.0,1258900.0,2016
VAN,Ousted,David,GK,360000.0,378933.33,2016
VAN,Parker,Tim,D,66000.0,84750.0,2016
VAN,Perez,Blas,F,215000.0,215000.0,2016
VAN,Rivero,Octavio,F,890850.0,890850.0,2016
VAN,Seiler,Cole,D,51500.0,51500.0,2016
VAN,Smith,Jordan,D,115000.0,122743.0,2016
VAN,Techera,Cristian,M,320000.0,345000.0,2016
VAN,Teibert,Russell,M,115000.0,182500.0,2016
VAN,Tornaghi,Paolo,GK,62500.0,62500.0,2016
VAN,Waston,Kendall,D,300000.0,318125.0,2016
,Gargan,Dan,D,145000.0,145000.0,2016
,Martinez,Cristian,M,62508.0,67008.0,2016
,Moore,Luke,F,115000.0,137500.0,2016
,Nyassi,Sanna,M,135000.0,141250.0,2016
,Ovalle,Adolfo,M,63000.0,73500.0,2016
,Tshuma,Schillo,F,81999.96,119999.96,2016
ATL,Almiron,Miguel,M,1912500.0,2297000.0,2017
ATL,Ambrose,Mikey,D,65625.0,65625.0,2017
ATL,Asad,Yamil,M,150000.0,150000.0,2017
ATL,Bloom,Mark,D,99225.0,106573.89,2017
ATL,Carleton,Andrew,F,65000.0,77400.0,2017
ATL,Carmona,Carlos,M,675000.0,725000.0,2017
ATL,Garza,Greg,D,150000.0,150000.0,2017
ATL,Gonzalez Pirez,Leandro,D,250008.0,285008.0,2017
ATL,Goslin,Chris,M,70000.0,74000.0,2017
ATL,Gressel,Julian,M,75000.0,93750.0,2017
ATL,Heath,Harrison,M,66150.0,66150.0,2017
ATL,Jones,Kenwyne,F,390000.0,413333.33,2017
ATL,Kann,Alec,GK,77004.0,77004.0,2017
ATL,Kratz,Kevin,M,150000.0,164250.0,2017
ATL,Larentowicz,Jeff,M,175008.0,175008.0,2017
ATL,Loyd,Zach,D,85008.0,85008.0,2017
ATL,Martinez,Josef,F,924000.0,1041310.0,2017
ATL,McCann,Chris,M,540000.0,568000.0,2017
ATL,Mears,Tyrone,D,183756.0,183756.0,2017
ATL,Oblitey Otoo,Jeffrey,M-F,53000.0,53000.0,2017
ATL,Parkhurst,Michael,D,325008.0,325008.0,2017
ATL,Peterson,Jacob,F,165300.0,165300.0,2017
ATL,Reynish,Kyle,GK,65004.0,65004.0,2017
ATL,Robinson,Miles,D,125000.04,195000.04,2017
ATL,Rochez,Bryan,F,200000.0,279500.0,2017
ATL,Tambakis,Alexander,GK,65004.0,65004.0,2017
ATL,Vazquez,Brandon,F,100008.0,120008.0,2017
ATL,Villalba,Hector,F,663000.0,770750.0,2017
ATL,Walkes,Anton,D,53004.0,53004.0,2017
ATL,Wheeler-Omiunu,Andrew,M,53004.0,53004.0,2017
ATL,Williams,Romario,F,65000.0,65000.0,2017
CHI,Accam,David,F-M,750000.0,820937.5,2017
CHI,Alvarez,Arturo,M,135000.0,142500.0,2017
CHI,Arshakyan,David,F,156000.0,178850.0,2017
CHI,Bronico,Brandt,M,65004.0,65004.0,2017
CHI,Calistri,Joey,M,54075.0,54075.0,2017
CHI,Campbell,Jonathan,D,101750.0,109875.0,2017
CHI,Cleveland,Stefan,GK,53004.0,53004.0,2017
CHI,Conner,Drew,M,65625.0,65625.0,2017
CHI,De Leeuw,Michael,F,500000.0,564212.5,2017
CHI,Dekovic,Matej,D,65004.0,65004.0,2017
CHI,Doody,Patrick,D,65000.0,65000.0,2017
CHI,Fernandez,Collin,M,85000.0,87000.0,2017
CHI,Goossens,John,M,230000.0,233333.33,2017
CHI,Harrington,Michael,D,135000.0,135000.0,2017
CHI,Johnson,Daniel,M,65004.0,65004.0,2017
CHI,Juninho,,M,700008.0,716674.67,2017
CHI,Kappelhof,Johan,D,530000.0,570000.0,2017
CHI,Lampson,Matt,GK,76000.0,81375.0,2017
CHI,McCarty,Dax,M,400000.0,500000.0,2017
CHI,Meira,Joao,D-M,150000.0,165000.0,2017
CHI,Mihailovic,Djordje,M,80000.04,80000.04,2017
CHI,Nikolic,Nemanja,F,1700000.04,1906333.37,2017
CHI,Polster,Matt,M,99900.0,114900.0,2017
CHI,Rodrigo Bava,Jorge,GK,240000.0,267133.34,2017
CHI,Schweinsteiger,Bastian,M,5400000.0,5400000.0,2017
CHI,Solignac,Luis,F,274999.92,328312.42,2017
CHI,Vincent,Brandon,D,96250.0,118125.0,2017
CLB,Abu,Mohammed,M,165000.0,171250.0,2017
CLB,Abubakar,"Alhassan ""Lalas""",D,65000.04,72500.04,2017
CLB,Afful,Harrison,D,280000.0,296666.67,2017
CLB,Crognale,Alex,D,84996.0,84996.0,2017
CLB,De Lima Junior,Artur,M,80004.0,99879.0,2017
CLB,Duka,Dilly,M,175000.0,175000.0,2017
CLB,Finlay,Ethan,M,290000.0,290000.0,2017
CLB,Francis,Waylon,D,227500.0,251875.0,2017
CLB,Hansen,Nikolaj,F,65000.04,72500.04,2017
CLB,Higuain,Federico,M,1050000.0,1050000.0,2017
CLB,Hollingsworth,Marshall,M,54075.0,54075.0,2017
CLB,Jahn,Adam,F,92500.0,92500.0,2017
CLB,Jimenez,Hector,M,150000.0,150000.0,2017
CLB,Kamara,Ola,F,450000.0,482500.0,2017
CLB,Ketterer,Logan,GK,53004.0,53004.0,2017
CLB,Maloney,Connor,D,53004.0,53004.0,2017
CLB,Manneh,Kekuta,M-F,138875.0,168375.0,2017
CLB,Martinez,Cristian,M,65633.4,70133.4,2017
CLB,Mensah,Jonathan,D,750000.0,844000.0,2017
CLB,Meram,Justin,M,300000.0,328750.0,2017
CLB,Naess,Nicolai,D,235000.0,242500.0,2017
CLB,Obinwa,Abuchi,M,65004.0,65004.0,2017
CLB,Raitala,Jukka,D,125004.0,161670.67,2017
CLB,Saravia,Rodrigo,M,65625.0,65625.0,2017
CLB,Sauro,Gaston,D,585000.0,601312.5,2017
CLB,Steffen,Zack,GK,105000.0,105000.0,2017
CLB,Stuver,Brad,GK,80004.0,80004.0,2017
CLB,Swanson,Ben,M,85000.0,105416.67,2017
CLB,Trapp,Wil,M,300000.0,350000.0,2017
CLB,Williams,Josh,D,110004.0,110004.0,2017
COL,Adjei-Boateng,Bismark,M,300000.0,341246.0,2017
COL,Azira,Michael,M,110000.0,116625.0,2017
COL,Badji,Dominique,F,65000.0,65000.0,2017
COL,Berner,John,GK,66150.0,66150.0,2017
COL,Burling,Bobby,D,120000.0,126000.0,2017
COL,Calvert,Caleb,F,100000.0,107500.0,2017
COL,Castillo,Dennis,D,54075.0,54075.0,2017
COL,Da Fonte,Mike,D,65004.0,65004.0,2017
COL,Doyle,Kevin,F,1000000.0,1045000.0,2017
COL,Ford,Kortne,D,69996.0,76996.0,2017
COL,Gashi,Shkelzen,F,1575000.0,1668750.0,2017
COL,Gatt,Joshua,M,175008.0,193508.0,2017
COL,Gordon,Alan,F,180000.0,180000.0,2017
COL,Hairston,Marlon,D-M,110004.0,110004.0,2017
COL,Hamilton,Sam,M,65004.0,65004.0,2017
COL,Howard,Tim,GK,2000000.0,2475000.0,2017
COL,MacMath,Zac,GK,150000.0,150000.0,2017
COL,Miller,Eric,D,75553.75,86553.75,2017
COL,Perez,Ricardo,M,53004.0,54254.0,2017
COL,Powers,Dillon,M,295000.0,325000.0,2017
COL,Ramirez,Juan Edgardo,M,100000.0,100000.0,2017
COL,Saeid,Mohammed,M,160000.0,170000.0,2017
COL,Serna,Dillon,M,72600.0,85600.0,2017
COL,Sjoberg,Axel,D,108350.0,123350.0,2017
COL,Watts,Jared,D-M,75000.0,75000.0,2017
COL,Williams,Mekeil,D,110000.0,115000.0,2017
DAL,Acosta,Kellyn,M,260000.0,280000.0,2017
DAL,Akindele,Tesho,F-M,95000.0,112500.0,2017
DAL,Barrios,Michael,M,100000.0,100000.0,2017
DAL,Cannon,Reggie,D,53000.04,53000.04,2017
DAL,Cermeno,Carlos,M,120000.0,123000.0,2017
DAL,Chala,Anibal,D,250000.08,333000.08,2017
DAL,Colman,Cristian,F,300000.0,385000.0,2017
DAL,Craft,Coy,F-M,85000.0,102083.33,2017
DAL,Diaz,Mauro,M,784000.0,880890.0,2017
DAL,Ferreira,Jesus,F,53000.0,53000.0,2017
DAL,Figueroa,Maynor,D,320000.0,343333.33,2017
DAL,Gonzalez,Jesse,GK,85000.0,94375.0,2017
DAL,Grana,Hernan,D,200000.04,225500.04,2017
DAL,Gruezo,Carlos,M,495000.0,731500.0,2017
DAL,Guillen,Aaron,D,54075.0,54075.0,2017
DAL,Harris,Atiba,M-F,155004.0,155004.0,2017
DAL,Hayes,Jacori,M,65000.04,72500.04,2017
DAL,Hedges,Matt,D,399996.0,424996.0,2017
DAL,Hollingshead,Ryan,M-D,132500.0,132500.0,2017
DAL,Hume,Walker,D,53004.0,53004.0,2017
DAL,Lamah,Roland,M,630000.0,773500.0,2017
DAL,Morales,Javier,M,300000.0,315000.0,2017
DAL,Pomykal,Paxton,M,70000.0,75000.0,2017
DAL,Reid,Adonijah,F,70000.08,87500.08,2017
DAL,Reynolds,Bryan,F,53000.0,55000.0,2017
DAL,Seitz,Chris,GK,153000.0,153000.0,2017
DAL,Ulloa,Victor,M,150000.0,152500.0,2017
DAL,Urruti,Maximiliano,F,300000.0,300000.0,2017
DAL,Zimmerman,Walker,D,205000.0,205000.0,2017
DC,Acosta,Luciano,M-F,500000.0,602000.0,2017
DC,Birnbaum,Steven,D,474996.0,499996.0,2017
DC,Boswell,Bobby,D,260000.0,260000.0,2017
DC,Buescher,Julian,M,80000.0,94700.0,2017
DC,DeLeon,Nick,M,255000.0,255000.0,2017
DC,Durkin,Chris,D-M,70000.0,79166.67,2017
DC,Franklin,Sean,D,258756.0,283756.0,2017
DC,Hamid,Bill,GK,350000.0,395500.0,2017
DC,Harkes,Ian,M,90000.0,123237.5,2017
DC,Jeffrey,Jared,M,105000.0,115000.0,2017
DC,Kamara,Alhaji,F,80000.0,88250.0,2017
DC,Kemp,Taylor,D,120000.0,120000.0,2017
DC,Klenofsky,Eric,GK,53004.0,56754.0,2017
DC,Le Toux,Sebastien,F-M,125004.0,140004.0,2017
DC,Mullins,Patrick,F,114125.0,144125.0,2017
DC,Neagle,Lamar,M-F,200000.0,202833.33,2017
DC,Nyarko,Patrick,F-M,235000.0,250750.0,2017
DC,Odoi-Atsem,Chris,D,65000.04,72500.04,2017
DC,Opare,Kofi,D,105000.0,120000.0,2017
DC,Ortiz,Jose Guillermo,F,129996.0,137621.0,2017
DC,Robinson,Jalen,D,69996.0,69996.0,2017
DC,Rolfe,Chris,F,275000.0,290000.0,2017
DC,Sam,Lloyd,M-F,240000.0,250000.0,2017
DC,Sarvas,Marcelo,M,360000.0,425000.0,2017
DC,Tissot,Maxim,D,65000.0,65000.0,2017
DC,Vincent,Rob,M-F,65633.4,65633.4,2017
DC,Worra,Travis,GK,65625.0,65625.0,2017
HOU,Alexander,Eric,M,190000.0,203750.0,2017
HOU,Anibaba,Jalil,D,110004.0,110004.0,2017
HOU,Beasley,DaMarcus,D,316008.0,351008.0,2017
HOU,Brown,Calle,GK,65000.0,65000.0,2017
HOU,Cabezas,Juan David,M,243000.0,267000.0,2017
HOU,Clark,Ricardo,M,335160.0,372660.0,2017
HOU,Da Silva,Leonardo,D,140004.0,147670.67,2017
HOU,DeLaGarza,AJ,D,250000.0,252500.0,2017
HOU,Deric,Tyler,GK,185000.0,185000.0,2017
HOU,Elis,Alberth,F,423000.0,423000.0,2017
HOU,Escalante,Jose,M,53004.0,53004.0,2017
HOU,Garcia,Boniek,M,225000.0,247500.0,2017
HOU,Garcia,Kevin,D,65633.4,65633.4,2017
HOU,Holland,Joseph,M,53004.0,53004.0,2017
HOU,Hunter,Taylor,D,53004.0,53004.0,2017
HOU,Iniguez,Agustin,D,143000.0,143000.0,2017
HOU,Lucatero,Christian,M,53000.0,53250.0,2017
HOU,Machado,Adolfo,D,200004.0,216504.0,2017
HOU,Malki,George,D,65004.0,65004.0,2017
HOU,Manotas,Mauro,F,215746.08,215746.08,2017
HOU,Monteiro de Lima,Alex,M,170000.0,170000.0,2017
HOU,Quioto,Romell,F,200004.0,212504.0,2017
HOU,Remick,Dylan,D,66150.0,66150.0,2017
HOU,Rodriguez,Memo,M,53004.0,53004.0,2017
HOU,Sanchez,Vicente,F,65004.0,65004.0,2017
HOU,Torres,Erick,F,650000.0,665000.0,2017
HOU,Wenger,Andrew,M,210000.0,210000.0,2017
HOU,Willis,Joe,GK,106312.5,106312.5,2017
KC,Abdul-Salaam,Saad,D,96800.0,110550.0,2017
KC,Besler,Matt,D,725000.0,758250.0,2017
KC,Blessing,Latif,F,65004.0,74379.0,2017
KC,Dwyer,Dom,F,550000.0,668750.0,2017
KC,Dykstra,Andrew,GK,80004.0,87654.51,2017
KC,Ellis,Kevin,D,140004.0,148337.33,2017
KC,Espinoza,Roger,M,850000.0,850000.0,2017
KC,Feilhaber,Benny,M,600000.0,600000.0,2017
KC,Fernandes,Gerso,M-F,550008.0,591258.0,2017
KC,Iwasa,Cameron,F,53004.0,53004.0,2017
KC,Juliao,Igor,D,100008.0,115008.0,2017
KC,Medranda,Jimmy,D,130008.0,130008.0,2017
KC,Melia,Tim,GK,165000.0,167500.0,2017
KC,Mustivar,Soni,M,200000.0,200000.0,2017
KC,Opara,Ike,D,150000.0,150000.0,2017
KC,Palmer-Brown,Erik,D,75000.0,75500.0,2017
KC,Pasher,Tyler,D-M,53000.0,53000.0,2017
KC,Porter,Cameron,F,65000.0,117500.0,2017
KC,Rubio Kostner,Diego,F,202000.0,218875.0,2017
KC,Saad,Soony,F,65004.0,65004.0,2017
KC,Salloi,Daniel,F,53000.0,53000.0,2017
KC,Sanchez,Ilie,M,300000.0,305000.0,2017
KC,Sinovic,Seth,D,125000.0,132666.67,2017
KC,Storm,Colton,D,53004.0,53004.0,2017
KC,Zendejas,Adrian,GK,53000.0,53000.0,2017
KC,Zusi,Graham,M,725000.0,757102.27,2017
LA,Alessandrini,Romain,M,1669400.64,1999400.64,2017
LA,Arellano,Hugo,D,65000.0,72375.0,2017
LA,Boateng,Emmanuel,F,115000.0,115000.0,2017
LA,Cole,Ashley,D,350000.0,377625.0,2017
LA,Diallo,Bradley,D,65004.0,65004.0,2017
LA,Diop,Clement,GK,65625.0,65625.0,2017
LA,Dos Santos,Giovani,F,3750000.0,5500000.0,2017
LA,Garcia,Rafael,M,82500.0,82500.0,2017
LA,Husidic,Baggio,M,175000.0,175000.0,2017
LA,Jamieson,Bradford,F,66150.0,66150.0,2017
LA,Jones,Jermaine,M,600000.0,722500.2,2017
LA,Kempin,Jonathan,GK,65004.0,65004.0,2017
LA,Lassiter,Ariel,F,54075.0,54075.0,2017
LA,Lletget,Sebastian,M,230000.0,242666.67,2017
LA,McBean,Jack,F,65625.0,65625.0,2017
LA,McInerney,Jack,F,325000.0,325000.0,2017
LA,Mendiola,Raul,F,65625.0,65625.0,2017
LA,Pedro,Joao,M,120000.0,141000.0,2017
LA,Rogers,Robbie,M,225000.0,233500.0,2017
LA,Romney,David,D,66150.0,66150.0,2017
LA,Rowe,Brian,GK,120000.0,120000.0,2017
LA,Smith,Nathan,D,53004.0,53004.0,2017
LA,Steres,Daniel,D,105000.0,112062.6,2017
LA,Van Damme,Jelle,D,600000.0,662500.0,2017
LA,Villarreal,Jaime,M,53004.0,53004.0,2017
LA,Villarreal,Jose,F,105000.0,105000.0,2017
LA,Zardes,Gyasi,F,577500.0,577500.0,2017
LAFC,Alvarez,Carlos,M,65004.0,65004.0,2017
LAFC,Etim,Monday Bassey,M,53004.0,53004.0,2017
MNUFC,Alvbage,John,GK,229998.0,247748.0,2017
MNUFC,Anor,Bernardo,M,105000.0,105000.0,2017
MNUFC,Burch,Marc,D,135000.0,135000.0,2017
MNUFC,Calvo,Francisco,D,300000.0,330843.63,2017
MNUFC,Cronin,Sam,M,300000.0,306250.0,2017
MNUFC,Danladi,Abu,F,125000.04,176000.04,2017
MNUFC,Davis,Justin,D,80000.0,89750.0,2017
MNUFC,De Villardi,Thomas,D,53004.0,53004.0,2017
MNUFC,Demidov,Vadim,D,550008.0,555008.0,2017
MNUFC,Greenspan,Joseph,D,65000.0,66469.08,2017
MNUFC,Heavner,Billy,GK,53004.0,53004.0,2017
MNUFC,Ibarra,Miguel,M,290004.0,322326.0,2017
MNUFC,Ibson,,M,200004.0,210337.4,2017
MNUFC,Jome,Ismaila,M,65004.0,67837.33,2017
MNUFC,Kadrii,Bashkim,M,264000.0,288100.0,2017
MNUFC,Kallman,Brent,D,65004.0,68295.67,2017
MNUFC,Martin,Collin,M,84996.0,84996.0,2017
MNUFC,McLain,Patrick,GK,80000.0,80000.0,2017
MNUFC,Molino,Kevin,M,350004.0,402504.0,2017
MNUFC,Ramirez,Christian,M,350004.0,392504.4,2017
MNUFC,Schuller,Rasmus,M,200004.0,225004.0,2017
MNUFC,Shuttleworth,Bobby,GK,155000.0,171875.0,2017
MNUFC,Taylor,Jermaine,D,125004.0,135004.0,2017
MNUFC,Thiesson,Jerome,D,171000.0,210166.67,2017
MNUFC,Venegas,Johan,M,215000.0,227500.0,2017
MNUFC,Venegas,Kevin,D,85000.0,88333.33,2017
MNUFC,Warner,Collen,M,230004.0,230004.0,2017
MTL,Arregui,Adrian,M,240000.0,290976.67,2017
MTL,Beland Goyette,Louis,M,53000.0,54250.0,2017
MTL,Bernardello,Hernan,M,288000.0,288000.0,2017
MTL,Bernier,Patrice,M,165000.0,165000.0,2017
MTL,Bitolo,Ambroise,D,100000.0,100000.0,2017
MTL,Bush,Evan,GK,136750.0,136750.0,2017
MTL,Cabrera,Victor,D,260000.0,260000.0,2017
MTL,Camara,Hassoun,D,255000.0,255000.0,2017
MTL,Choiniere,David,M,54075.0,54075.0,2017
MTL,Ciman,Laurent,D,630000.0,661666.67,2017
MTL,Crepeau,Maxime,GK,75000.0,79083.33,2017
MTL,Depuy,Nick,F,65000.04,72500.04,2017
MTL,Donadel,Marco,M,349992.0,386658.67,2017
MTL,Duvall,Chris,D,70875.0,70875.0,2017
MTL,Fisher,Kyle,D,53004.0,53004.0,2017
MTL,Jackson-Hamel,Anthony,F,66150.0,66150.0,2017
MTL,Kronberg,Eric,GK,99999.96,104999.96,2017
MTL,Lefevre,Wandrille,D,94999.92,104499.92,2017
MTL,Lovitz,Daniel,M,78750.0,78750.0,2017
MTL,Mallace,Calum,M,115000.0,131250.0,2017
MTL,Mancosu,Matteo,F,700000.08,719541.75,2017
MTL,Oduro,Dominic,F,330000.0,330000.0,2017
MTL,Piatti,Ignacio,M,450000.0,450000.0,2017
MTL,Romero,Andres,M,120000.0,120000.0,2017
MTL,Salazar,Michael,F,54075.0,54075.0,2017
MTL,Shome,Shamit,M,100000.08,128500.08,2017
MTL,Tabla,Ballou Jean-Yves,M,70000.0,78999.8,2017
NE,Agudelo,Juan,F,475000.0,502500.0,2017
NE,Angoua,Benjamin,D,600000.0,654333.33,2017
NE,Bunbury,Teal,F,215000.0,260000.0,2017
NE,Caldwell,Scott,M,115000.0,125000.0,2017
NE,Cropper,Cody,F,65625.0,65625.0,2017
NE,Fagundez,Diego,M,160000.0,180000.0,2017
NE,Farrell,Andrew,D,182600.0,263600.0,2017
NE,Herivaux,Zachary,M,65625.0,65625.0,2017
NE,Hollinger-Janzen,Femi,F,54075.0,54075.0,2017
NE,Kamara,Kei,F,800000.0,800000.0,2017
NE,Knighton,Brad,GK,100910.25,100910.25,2017
NE,Kobayashi,Daigo,M,69996.0,76996.0,2017
NE,Kouassi,Xavier,M,840000.0,890541.75,2017
NE,Mlinar Delamea,Antonio,D,400008.0,400008.0,2017
NE,Nguyen,Lee,M,500000.0,500000.0,2017
NE,Rowe,Kelyn,M,165000.0,230000.0,2017
NE,Smith,Donnie,M,66150.0,66150.0,2017
NE,Smith,Joshua,D,53004.0,53004.0,2017
NE,Tierney,Chris,D-M,140000.0,148333.33,2017
NE,Turner,Matt,GK,54075.0,54075.0,2017
NE,Watson,Je-Vaughn,D-M,150000.0,155666.67,2017
NE,Woodberry,London,D,69300.0,69300.0,2017
NE,Wright,Brian,F,65625.0,84375.0,2017
NYCFC,Allen,RJ,D,100000.08,101666.75,2017
NYCFC,Awuah,Kwame,D-M,53004.0,53004.0,2017
NYCFC,Brilliant,Frederic,D,280000.0,319666.67,2017
NYCFC,Callens,Alexander,D,180000.0,180000.0,2017
NYCFC,Camargo,Miguel,M,99999.96,108249.96,2017
NYCFC,Chanot,Maxime,D,350000.0,383000.0,2017
NYCFC,Diskerud,Mix,M,772669.0,772669.0,2017
NYCFC,Gomez,Shannon,D,54075.0,54075.0,2017
NYCFC,Harrison,Jack,M,130000.0,165500.0,2017
NYCFC,Herrera,Yangel,M,123557.04,123557.04,2017
NYCFC,Johansen,Eirik,GK,65625.0,65625.0,2017
NYCFC,Johnson,Sean,GK,220008.0,220008.0,2017
NYCFC,Lewis,Jonathan,F,80000.04,115500.04,2017
NYCFC,Lopez,Mikey,M,75000.0,75000.0,2017
NYCFC,Matarrita,Ronald,D,175000.0,200000.0,2017
NYCFC,McNamara,Thomas,M,185000.04,185000.04,2017
NYCFC,Mena,Jefferson,D,250000.0,261400.0,2017
NYCFC,Moralez,Maximiliano,M,2000000.04,2000000.04,2017
NYCFC,Okoli,Sean,F,52999.92,52999.92,2017
NYCFC,Pirlo,Andrea,M,5600000.0,5915690.0,2017
NYCFC,Rawls,Andre,GK,65633.4,65633.4,2017
NYCFC,Ring,Alexander,M,340000.08,376666.75,2017
NYCFC,Shelton,Khiry,F,92950.0,110450.0,2017
NYCFC,Stertzer,John,M,65000.0,65000.0,2017
NYCFC,Sweat,Ben,D,65004.0,65004.0,2017
NYCFC,Villa,David,F,5610000.0,5610000.0,2017
NYCFC,Wallace,Rodney,M,220000.08,220000.08,2017
NYCFC,White,Ethan,D,65000.0,65000.0,2017
NYRB,Abang,Anatole,F,65625.0,65625.0,2017
NYRB,Adams,Tyler,M,75000.0,91041.67,2017
NYRB,Allen,Brandon,F,65625.0,65625.0,2017
NYRB,Baah,Gideon,D,230000.0,315500.0,2017
NYRB,Basuljevic,Arun,M,53004.0,53004.0,2017
NYRB,Bilyeu,Justin,D,54075.0,54075.0,2017
NYRB,Collin,Aurelien,D,450000.0,450000.0,2017
NYRB,Davis,Sean,M,110000.0,127500.0,2017
NYRB,Etienne,Derrick,M,53000.0,58000.0,2017
NYRB,Grella,Mike,F,186000.0,188250.0,2017
NYRB,Gulbrandsen,Fredrik,F,360000.0,360000.0,2017
NYRB,Kljestan,Sacha,M,650000.0,787500.0,2017
NYRB,Lade,Connor,D,85000.0,92812.5,2017
NYRB,Lawrence,Kemar,D,100000.0,205600.0,2017
NYRB,Lewis,Zeiko,M,75000.0,93750.0,2017
NYRB,Long,Aaron,D,65000.0,65000.0,2017
NYRB,Martins,Felipe,M,275000.0,305000.0,2017
NYRB,Meara,Ryan,GK,100008.0,105008.0,2017
NYRB,Metzger,Dan,M,53004.0,53004.0,2017
NYRB,Murillo,Michael,D,65004.0,73754.0,2017
NYRB,Muyl,Alex,F,65625.0,69625.0,2017
NYRB,N'dam,Hassan,D,53004.0,53004.0,2017
NYRB,Perrinelle,Damien,D,175008.0,175008.0,2017
NYRB,Robles,Luis,GK,290000.0,292500.0,2017
NYRB,Royer,Daniel,M,450000.0,450000.0,2017
NYRB,Veron,Gonzalo,M-F,500000.0,500000.0,2017
NYRB,Wright-Phillips,Bradley,F,1500000.0,1635000.0,2017
NYRB,Zizzo,Sal,M,110000.0,110000.0,2017
ORL,Aja,Jose,D,216000.0,216000.0,2017
ORL,Alston,Kevin,D,135000.0,135000.0,2017
ORL,Barnes,Giles,F-M,725000.0,781250.0,2017
ORL,Barry,Hadji,F,68750.0,73312.5,2017
ORL,Bendik,Joe,GK,165000.0,174083.4,2017
ORL,Carrasco,Servando,M,114996.0,114996.0,2017
ORL,Da Silva,Pierre,M,53004.0,53004.0,2017
ORL,Donovan,Conor,D,100000.0,128000.0,2017
ORL,Edwards,Earl,GK,65000.0,65000.0,2017
ORL,Garcia,Devron,M-F,53004.0,53004.0,2017
ORL,Gil,Luis,M,144000.0,144000.0,2017
ORL,Giro,Victor,D-M,80004.0,85316.5,2017
ORL,Higuita,Cristian,M,150000.0,150000.0,2017
ORL,Hines,Sebastian,D,129996.0,129996.0,2017
ORL,Johnson,Will,M,414000.0,450000.0,2017
ORL,Kaka,,M,6660000.0,7167500.0,2017
ORL,Larin,Cyle,F,150000.0,192000.0,2017
ORL,Laryea,Richmond,M,130000.0,159000.0,2017
ORL,Nocerino,Antonio,M,800000.0,850000.0,2017
ORL,Perez,Matias,F,260004.0,260004.0,2017
ORL,Ramos,Rafael,D,100800.0,100800.0,2017
ORL,Redding,Tommy,D,110000.0,117500.0,2017
ORL,Rivas,Carlos,M,375000.0,375000.0,2017
ORL,Rocha,Tony,M,65620.8,65620.8,2017
ORL,Sane,Moussa,F,53004.0,53004.0,2017
ORL,Saunders,Josh,GK,150000.0,150000.0,2017
ORL,Spector,Jonathan,D,549996.0,611933.5,2017
ORL,Stajduhar,Mason,GK,53000.0,53000.0,2017
ORL,Sutter,Scott,D,240000.0,240000.0,2017
ORL,Toia,Donny,D,70875.0,70875.0,2017
PHI,Alberg,Roland,M,345000.0,394250.0,2017
PHI,Ayuk,Eric,M,65625.0,65625.0,2017
PHI,Bedoya,Alejandro,M,1131000.0,1197250.0,2017
PHI,Blake,Andre,GK,148500.0,186500.0,2017
PHI,Carroll,Brian,M,132000.0,140000.0,2017
PHI,Creavalle,Warren,M,125000.0,138000.0,2017
PHI,Davies,Charlie,F,108960.0,114684.94,2017
PHI,Edu,Maurice,M,750000.0,818750.0,2017
PHI,Elliott,Jack,D,53004.0,53004.0,2017
PHI,Epps,Marcus,M,53004.0,53004.0,2017
PHI,Fabinho,Fabinho,D,159759.0,167759.0,2017
PHI,Gaddis,Raymon,D,165000.0,167500.0,2017
PHI,Herbers,Fabian,M-F,110000.0,135500.0,2017
PHI,Ilsinho,,M,470000.0,518333.33,2017
PHI,Jones,Aaron,D,53004.0,53004.0,2017
PHI,Jones,Derrick,M,65000.0,70900.0,2017
PHI,Marquez,Richard,D,133000.0,139430.0,2017
PHI,McCarthy,John,GK,86500.0,95750.0,2017
PHI,McGuire,Jake,GK,53004.0,53004.0,2017
PHI,Medunjanin,Haris,M,460008.0,505008.0,2017
PHI,Najem,Adam,M,65000.04,65000.04,2017
PHI,Onyewu,Oguchi,D,65004.0,65004.0,2017
PHI,Picault,Fabrice,F,114999.96,128666.63,2017
PHI,Pontius,Chris,M-F,400000.0,431000.0,2017
PHI,Rosenberry,Keegan,D,104500.0,110312.5,2017
PHI,Sapong,CJ,F,300000.0,300000.0,2017
PHI,Simpson,Jay,F,465000.0,508333.33,2017
PHI,Tribbett,Ken,D,65000.0,65000.0,2017
PHI,Trusty,Auston,D,75000.0,104100.0,2017
PHI,Wijnaldum,Giliano,D,65004.0,78337.33,2017
PHI,Yaro,Joshua,D,130000.0,194000.0,2017
POR,Adi,Fanendo,F,1190004.0,1736254.0,2017
POR,Andriuskevicius,Vytautas,D,222500.0,244375.0,2017
POR,Arboleda,Victor,M-F,65000.04,65000.04,2017
POR,Arokoyo,Gbenga,D,135000.0,155600.0,2017
POR,Asprilla,Dairon,M-F,138000.0,138000.0,2017
POR,Attinella,Jeff,GK,100000.0,105083.33,2017
POR,Barmby,Jack,M-F,65004.0,65004.0,2017
POR,Blanco,Sebastian,M,1000008.0,1075008.0,2017
POR,Chara,Diego,M,500000.0,522000.0,2017
POR,Clarke,Rennico,D,53004.0,58004.0,2017
POR,Ebobisse,Jeremy,F,130000.0,173000.0,2017
POR,Farfan,Marco,D,53000.0,53000.0,2017
POR,Gleeson,Jake,GK,110000.0,115166.67,2017
POR,Guzman,David,M,185004.0,188337.33,2017
POR,Mattocks,Darren,F,300000.0,316666.67,2017
POR,McIntosh,Kendall,GK,53000.0,53000.0,2017
POR,Melano,Lucas,F,790000.0,1010000.0,2017
POR,Miller,Roy,D,150000.0,150000.0,2017
POR,Myers,Chance,D,125004.0,125004.0,2017
POR,Nagbe,Darlington,M/F,550000.0,565000.0,2017
POR,Okugo,Amobi,D-M,65004.0,187941.5,2017
POR,Olum,Lawrence,M,142500.0,157500.0,2017
POR,Powell,Alvas,D,115000.0,123700.0,2017
POR,Ridgewell,Liam,D,615000.0,615000.0,2017
POR,Valentin,Zarek,D,110000.0,110000.0,2017
POR,Valeri,Diego,M,2227500.0,2607500.0,2017
POR,Zemanski,Ben,M,105000.0,109000.0,2017
RSL,Acosta,Danilo,M,65625.0,65625.0,2017
RSL,Allen,Jordan,M,178000.0,178000.0,2017
RSL,Barrett,Chad,F,99000.0,105000.0,2017
RSL,Beckerman,Kyle,M,750000.0,825000.0,2017
RSL,Beltran,Anthony,D,220000.0,230950.0,2017
RSL,Dunk,Reagan,D,53004.0,53004.0,2017
RSL,Fernandez,Eduardo,GK,66150.0,66150.0,2017
RSL,Glad,Justen,D,225000.0,246700.0,2017
RSL,Hernandez,Jose,M,53004.0,56379.0,2017
RSL,Holness,Omar,F,110000.0,133500.0,2017
RSL,Horst,David,D,110004.0,115004.0,2017
RSL,Lennon,Brooks,F,53004.0,53004.0,2017
RSL,Maund,Aaron,D,165000.0,174437.5,2017
RSL,Movsisyan,Yura,F,1750000.0,1973750.0,2017
RSL,Mulholland,Luke,M,172500.0,172500.0,2017
RSL,Phillips,Demar,D,155004.0,162837.33,2017
RSL,Plata,Joao,F,350000.04,400000.04,2017
RSL,Rimando,Nick,GK,450000.0,470000.0,2017
RSL,Rusnak,Albert,M,825000.0,882812.5,2017
RSL,Saucedo,Sebastian,M,90000.0,100500.0,2017
RSL,Schmidt,Justin,D,53004.0,53004.0,2017
RSL,Schuler,Chris,D,127500.0,132500.0,2017
RSL,Silva,Luis,M-F,200004.0,208670.67,2017
RSL,Sunday,Stephen,M,240000.0,253000.0,2017
RSL,Van Oekel,Matt,GK,96000.0,96000.0,2017
RSL,Velazco,Ricardo,F,65633.4,65633.4,2017
RSL,Wingert,Chris,D,134004.0,145394.0,2017
SEA,Adekoya,Seyi,F,53004.0,53004.0,2017
SEA,Alfaro,Tony,D,54075.0,54075.0,2017
SEA,Alonso,Osvaldo,M,1100000.0,1141667.0,2017
SEA,Bruin,Will,F,325000.0,326666.67,2017
SEA,Delem,Jordy,M,53004.0,53004.0,2017
SEA,Dempsey,Clint,F,3200000.0,3892933.5,2017
SEA,Evans,Brad,D-M,300000.0,338501.25,2017
SEA,Fernandez,Alvaro,M,264000.0,294000.0,2017
SEA,Fisher,Oniel,M-D,65625.0,65625.0,2017
SEA,Frei,Stefan,GK,250000.0,256250.0,2017
SEA,Jones,Joevin,D,90000.0,96166.67,2017
SEA,Kovar,Aaron,M,66150.0,66350.0,2017
SEA,Lodeiro,Nicolas,M,1371428.57,1743428.57,2017
SEA,Mansaray,Victor,F,65625.0,69125.0,2017
SEA,Marshall,Chad,D,350000.0,366250.0,2017
SEA,Mathers,Zach,M,53004.0,53004.0,2017
SEA,Meredith,Bryan,GK,66150.0,66150.0,2017
SEA,Miller,Tyler,GK,65633.4,65633.4,2017
SEA,Morris,Jordan,F,225000.0,237500.0,2017
SEA,Roldan,Cristian,M,115000.0,137000.0,2017
SEA,Shipp,Harrison,M,144999.96,144999.96,2017
SEA,Svensson,Gustav,M,170000.04,170000.04,2017
SEA,Tolo,Nouhou,D,52999.92,52999.92,2017
SEA,Torres,Roman,D,433000.0,508812.5,2017
SEA,Wingo,Henry,D-M,53004.0,53004.0,2017
SJ,Alashe,Fatai,M,98175.0,114425.0,2017
SJ,Amarikwa,Quincy,F,256500.0,270166.67,2017
SJ,Barrera,Leandro,F,100000.0,100000.0,2017
SJ,Bernardez,Victor,D,225000.0,266600.0,2017
SJ,Bersano,Matt,GK,65004.0,65004.0,2017
SJ,Bingham,David,GK,190000.0,197750.0,2017
SJ,Cato,Cordell,M,137000.0,138666.67,2017
SJ,Ceren,Darwin,M,200000.0,249375.0,2017
SJ,Colvey,Kip,D,54075.0,54075.0,2017
SJ,Cummings,Harold,D,249996.0,300662.67,2017
SJ,Dawkins,Simon,M,800000.0,800000.0,2017
SJ,Francis,Shaun,D,115000.0,123333.33,2017
SJ,Godoy,Anibal,M,229992.0,256242.0,2017
SJ,Hoesen,Danny,F,425004.0,503129.0,2017
SJ,Hyka,Jahmir,M,470004.0,520004.0,2017
SJ,Imperiale,Andres,D,105000.0,107500.0,2017
SJ,Jungwirth,Florian,D-M,450000.0,516667.07,2017
SJ,Lima,Nick,D,80004.0,86208.03,2017
SJ,Mfeka,Lindo,M-F,53004.0,53004.0,2017
SJ,Pelosi,Marc,M,65004.0,75004.0,2017
SJ,Salinas,Shea,M,185000.0,185000.0,2017
SJ,Sarkodie,Kofi,D,135000.0,140000.0,2017
SJ,Silva,Matheus,M,65000.0,65000.0,2017
SJ,Tarbell,Andrew,GK,80000.0,94000.0,2017
SJ,Thompson,Tommy,M,150000.0,155000.0,2017
SJ,Urena,Marco,F,275004.0,289420.67,2017
SJ,Wondolowski,Chris,F,800000.0,800000.0,2017
SJ,Wynne,Marvell,D,245808.0,257058.0,2017
SJ,Yueill,Jackson,M,124992.0,175992.0,2017
TOR,Alseth,Oyvind,M-D,53004.0,53004.0,2017
TOR,Altidore,Jozy,F,4875000.0,4875000.0,2017
TOR,Aubrey,Brandon,D,75000.0,93750.0,2017
TOR,Beitashour,Steven,D,250000.0,264000.0,2017
TOR,Bono,Alex,GK,70000.0,90200.0,2017
TOR,Bradley,Michael,M,6000000.0,6500000.0,2017
TOR,Camargo,Sergio,M,65004.0,65004.0,2017
TOR,Chapman,Jay,M,90000.0,108500.0,2017
TOR,Cheyrou,Benoit,M,65004.0,65004.0,2017
TOR,Cooper,Armando,M,189000.0,202333.33,2017
TOR,Delgado,Marco,M,210000.0,210000.0,2017
TOR,Edwards,Raheem,F,53004.0,53004.0,2017
TOR,Endoh,Tsubasa,F,54075.0,54075.0,2017
TOR,Giovinco,Sebastian,F,5600000.0,7115555.67,2017
TOR,Hagglund,Nick,D,100008.0,109633.0,2017
TOR,Hamilton,Jordan,F,69457.5,81957.5,2017
TOR,Hernandez,Jason,D,65004.0,65004.0,2017
TOR,Irwin,Clint,GK,200004.0,211316.7,2017
TOR,Mavinga,Chris,D,265008.0,300691.6,2017
TOR,Moor,Drew,D,246750.0,261750.0,2017
TOR,Morgan,Ashtone,D,100008.0,101508.0,2017
TOR,Morrow,Justin,D,210000.0,226666.67,2017
TOR,Osorio,Jonathan,M,191762.5,200237.13,2017
TOR,Pais,Mark,GK,65004.0,65004.0,2017
TOR,Ricketts,Tosaint,F,180000.0,193166.67,2017
TOR,Vazquez,Victor,M,630000.0,700000.0,2017
TOR,Zavaleta,Eriq,D,102850.0,133450.0,2017
VAN,Adekugbe,Samuel,D,80000.0,85000.0,2017
VAN,Bolanos,Christian,M,250000.0,253500.0,2017
VAN,Bustos,Marco,M,65625.0,70475.0,2017
VAN,Davies,Alphonso,M,65000.0,65000.0,2017
VAN,de Jong,Marcel,D-M,140000.0,140000.0,2017
VAN,Dean,Christian,D,121000.0,202000.0,2017
VAN,Edgar,David,D,175000.0,183833.33,2017
VAN,Flores,Deybi,M,66000.0,71885.0,2017
VAN,Froese,Kianz,M,69300.0,73800.0,2017
VAN,Greig,Kyle,F,65004.0,66849.0,2017
VAN,Harvey,Jordan,D,180000.0,180000.0,2017
VAN,Hurtado,Erik,F/M,125000.0,131250.0,2017
VAN,Jacobson,Andrew,M,150000.0,175000.0,2017
VAN,Laba,Matias,M,725000.0,885500.0,2017
VAN,Levis,Brett,D,65000.0,67500.0,2017
VAN,McKendry,Ben,M,65000.0,65000.0,2017
VAN,Mezquida,Nicolas,M-F,120000.0,120000.0,2017
VAN,Montero,Fredy,F,1400000.04,1800000.04,2017
VAN,Nerwinski,Jake,D,65004.0,65004.0,2017
VAN,Ousted,David,GK,360000.0,378933.33,2017
VAN,Parker,Tim,D,80850.0,99600.0,2017
VAN,Reyna,Yordy,M-F,440000.04,533700.04,2017
VAN,Richey,Spencer,GK,65004.0,65004.0,2017
VAN,Rosales,Mauro,M,65004.0,65004.0,2017
VAN,Seiler,Cole,D,54075.0,54075.0,2017
VAN,Shea,Brek,M-D,625000.0,670000.0,2017
VAN,Tchani,Tony,M,275000.0,308333.33,2017
VAN,Techera,Cristian,M,352000.0,377000.0,2017
VAN,Teibert,Russell,M,126500.0,194000.0,2017
VAN,Tornaghi,Paolo,GK,80000.0,80000.0,2017
VAN,Waston,Kendall,D,350000.0,368125.0,2017
VAN,Williams,Sheanon,D,175000.0,184000.0,2017
,Babouli,Mo,F,54075.0,54075.0,2017
,Ramajo,David Mateos,D,420000.0,453333.33,2017
